text	multi_label
भारतीय जनता पार्टी rss वाले इतने गिरे हुए हैं जहां मैं रहती हूं वहां मेरी जासूसी करा रहें है उसकी जासूस की पहचान मुझे अच्छी तरह है rss बीजेपी वाले की जासूस दिल्ली में कौन है उत्तर प्रदेश में कौन है हरियाणा राजस्थान में कौन है सबकी पहचान है मुझे मेरी नजर से बच नहीं सकते हो	defamation
अद्भुत  जो वामपंथी कहते है कि महाभारत का युद्ध काल्पनिक है, और सनातन धर्म कुछ है ही नही। उनके मुंह पर विदेशी पुरातत्व विभाग ने जोरदार तमाचा मार दिया है। कुरूक्षेत्र के पास खुदाई करते समय विदेशी पुरातत्व विशेषज्ञों को एक फुट की लम्बाई के मानव कंकाल के अवषेश मिले । जो महाभारत के भीम के पुत्र घटोत्कच के वर्णन के समान है । और हम भारत वासियों को महाभारत ही कहानी काल्पनीक लगती है । इसे डिस्कवरी चैनल ने प्रसारित किया है । जय हो सनातन धर्म की जय हो  जय श्री राम जय श्री कृष्ण	fake
भाई जाके हिन्दू भाइयों की मदद कर जिनकी नौकरी चली गई जो आत्महत्या कर रहे है अब ये मत पूछना तूने कितनी की मदद की	offensive
यह दुर्घटना कन्नूर अंतर्राष्ट्रीय हवाई अड्डे में हुई, जब एक व्यक्ति पावर बैंक का उपयोग करके अपने सेल फोन को चार्ज कर रहा था और आग लग गई । जागरूकता बढ़ाने के लिए वीडियो को शेयर करें ।	fake
रेट फिक्स है कृप्या मोल भाव न करें। ाहीनबाग़प्रोटेस्ट	hate,offensive
रामायण के दोहा नंबर में लिखा है जब पृथ्वी पर निंदा बढ़ जाएगी पाप बढ़ जाएंगे तब चमगादर अवतरित होंगे और चारों तरफ उनसे संबंधित बीमारी फैल जाएंगी और लोग मरेंगे और दोहा नंबर में लिखा है की एक बीमारी जिसमें नर मरेंगे उसकी सिर्फ एक दवा है प्रभु भजन दान और समाधि में रहना यानी लोकडाउन	fake
   कंगना रनौत के अवैध ऑफिस के लिए हाइकोर्ट्स के पास टाइम ही टाइम है लेकिन संजीव भट्ट , डॉ कफील , उमर खालिद पर होने वाली तानाशाही…	defamation
एक महिला को स्वास्थ्य कर्मचारियों के साथ रूखे अंदाज़ से पेश आते हुए दिखाया गया है। ये स्वास्थ्य कर्मचारी घरघर पोलियो वैक्सीन प्रशासन अभियान पर थे।	fake
नागरिकता संशोधन विधेयक के विरोध में जिन पार्टियों के वोट राज्यसभा में पड़े हैं, कांग्रेस, तृणमूल कांग्रेस और आप जैसी ये पार्टियां पाकिस्तान, बांग्लादेश और अफगानिस्तान के हिन्दू, जैन, सिख, ईसाई, पारसी आदि शरणार्थियों को भारतीय नागरिकता देने के खिलाफ हैं। 	hate
तस्वीर दावा करती है की पूर्वप्रधानमंत्री मनमोहन सिंह सोनिया गाँधी के पैर छू रहे हैं यह थे हमारे पूर्व प्रधान मंत्री कम से कम इनकी उम्र का तो लिहाज़ कर लिया होता	fake
ये कमीना बातें बड़ी बड़ी करता है मगर हरकत सड़क छाप भिखमंगे की है	hate,offensive
बॉलीवुड में हो सकता है अनुराग जैसे और भी गंदे व कमीनी लोग हो इन लोगों की भी जांच हो और बॉलीवुड में से ऐसी गंदी गटर साफ हो अरे शर्म करो बॉलीवुड क्याक्या करते हैं बॉलीवुड में धिक्कार है ऐसे लोगों पर	hate,offensive
आगरा में घंटे में भर्ती हुए कोरोना मरीजों की मृत्यु हो गई। यूपी सरकार के लिए कितनी शर्म की बात है कि इसी मॉडल का झूठा प्रचार करके सच दबाने की कोशिश की गई। सरकार की नो टेस्टनो कोरोना पॉलिसी पर सवाल उठे थे लेकिन सरकार ने जवाब नहीं दिया।	fake
गलवान घाटी भारत की हाथ से गई मेरी बात को आप लिख लीजिए फिंगर फॉर से फिंगर तक भारत के हाथ से गई	hate
पीएनबी ब्रांच में काम करने वाले सभी कर्मचारी कोरोना पॉजिटिव आए हैं	fake
शाहीन बाग में बुर्के वालियों का फिक्स रेट है दो टाइम का खाना और ₹500 इसीलिए तो यह अपने उन छोटे बच्चों को भी ले जा रहे हैं जिनको एन आर सी का फुल फॉर्म नहीं पता नाही सीए ए का यह केवल उन छोटे बच्चों को भी ₹500 मिल जाए इसलिए लेके जा रही हैं जय हिंद जय श्री राम	hate
नाना ने खाया , दादी ने खाया, पापा ने खाया, मम्मी ने खाया आओ बहना तुम भी खालो जीजू को भी यहाँ बुला लो । अमूल विज्ञापन गांधी परिवार को बना रहे हैं निशाना	fake
कांग्रेस नेता कमल नाथ को मिला एशिया के सबसे ईमानदार सांसद का खिताब	fake
 फिल्म अभिनेता नसीरुद्दीन शाह की तबीयत बिगड़ी, अस्पताल में भर्ती, कई दिनों से बीमार हैं.	fake
सभी हरामियों जो करो कि शक्ल से भी नफरत है बुड्ढा साला चकरी में लगाकर जवान होने की एक्टिंग करता है अपनी उंगलियां गिन इंसान नहीं हो तुम लोग हैं मानो हैवान	fake,offensive
िल्ली के मुख्यमंत्री जी का दिल से धन्यवाद जिन्होंने िराड़ी विधानसभा को ंदन बना दिया। यह देखिए किस प्रकार एक पूरा परिवार ंदन की गली में बैठकर  गरमा गरम चाय और बिस्कुट का आनंद ले रहे है आर के निराला के कलम	fake
भाउ श्री के ब्लेक टिकिट बेचकर खुद बहुत काला पैसे कमाए हो,ओर काले दिन की बात करते शर्म नही साले सांढ़.... तू खुद लुटियन मोड़ में है....	defamation,fake,offensive
कल की घटना पर संजय सिंह को अरेस्ट करना चाहिए और कमीना को कड़ी से कड़ी सजा देना चाहिए नहीं तो इन लोगों के मन और भी बढ़ जाएगी	offensive
अस्सलामु अलैकुम प्यारे भाइयों क्या हाल चल है यह एक वीडियो मेरे पास आयी है जो कश्मीर की है  किसी को यदि न भी पता हो न तो मैं बताता हूँ की यह वीडियो कश्मीर की है  कश्मीर में जो हो रहा है आप अपनी आँखों से देख रहे हो  रोज़ इस तरह की वीडियो हमारे पास आती हैं  हम रोज़ देखते है और दो मिनट परेशान होते हैं  इस बार हम इस वीडियो को मीडिया तक पहुचाएंगे और इमरान खान शाब तक भी जानी चाहिए 	fake
हिमा दास ने जब जीता गोल्ड।	fake
ऐसा लग रहा है जैसे खुद सरदार पटेल जी आज हरिभरी नर्मदा को देखकर खुश हो रहे हैं 	hate
मुंबई में लगे पाकिस्तान जिंदाबाद के नारे... ठाकरे सरकार में सपा पार्टी के कोटे से मंत्री अब्बू आज़मी के सामने लगते रहे पाकिस्तान जिंदाबाद के नारे  मेरे देश में मेरे सामने अगर कोई पाकिस्तान ज़िंदाबाद के नारे लगाएगा तो पुलिस से पहले उसे मैं सबक सिखाऊंगा से कुछ लोग हर चीज को हिन्दू मुसलमान का रंग देते है मैं से आग्रह करता हूं कि मेरे बारे में पाकिस्तान ज़िंदाबाद की अफवाह फैलाने वालों को तुरंत अरेस्ट करें।	fake
अगस्त को जब अयोध्या में बनने जा रहे राम मंदिर की नींव रखी जा रही थी। उस समय भारत के प्रधानमंत्री के अलावा यूके के प्रधानमंत्री बोरिस जॉनसन ने भी राम के प्रति अपनी श्रद्धा दिखाते हुए यूके में ही राम का अभिषेक किया था।	fake
साले चिढ़े हुए हैं ,,कोई दूसरा गड्ढा ना भर दें।	offensive
किसकी बात कर रही ये वही अखिलेश हैं जिनके बाप निर्दोष कारसेवकों पर गोलियां चलवाईं	hate
साले बिन पेंदी के लोटे हैं,चतुर देवी.	offensive
के पार पेट्रोल रुपया केजी के पार सब्जियां ना दाल खाने देगा न सब्जी खाने देगा ना गाड़ी चलाने देगा डेर वितना की कहानी सुने थें हगने देंगे तो मूतने नहीं देंगे वही कहानी देश की हाल हो रखी है दाल देंगे तो सब्जी नहीं सब्जी देंगे तो पेट्रोल नहीं रोजगार मांगोगे मंदिर देंगे	offensive
तू जैसे कमीनी पत्रकार की वजह से आज देश मैं अमन और चैन नहीं रहा तेरे जैसे पत्रकारों की वजह से आज हमारे देश में यह दंगे फसाद सब कुछ तुम लोगों की वजह से हो रहा है कभी ना कभी तो वक्त पलट भी जाएगा तब तुझसे हिसाब लूंगा तब तक के लिए जय हिंद जय भारत	offensive
बहुत ही सुन्दर था वो ऐसा कहा जाता था पर पता नहीं कहा गायब हो गया भाई विकास कहा हो आप	defamation
कोविड19 वायरस ° सेल्सियस के तापमान में मर जाता है। घर पर रहने वाले लोगों को दिन में एक बार, बाहर जाने वालों को दिन में बार और डॉक्टर को हर घंटे में एक बार भाप लेने को कहा गया है। भाप लेने से नाक के भीतर का तापमान बढ़ेगा और वायरस नाक में ही मर जाएगा।	fake
ट्रम्प हमारे लोकतंत्र के लिए खतरा हैं इसके अलावा, अगर मेरा पक्ष किसी एक मुद्दे पर हार जाता है, तो मैं इस कुतिया को बंद करने की योजना बनाता हूं दंगों गृह युद्ध	hate,offensive
मोर को दाना खिलाने वाले से उनकी इतनी जल रही है सोचो जिस दिन बाघ को दूध पिलाने वाला आएगा तब तो इनका धुंवा निकलेगा धुंवा	defamation
जिस तरह की घिनौना अपराध मेरे साथ की है यदि मेरी जगह कोई और सैनिक फैमिली होती तो पूरे फैमिली आत्महत्या कर लेती साल की उम्र में सेना से बाहर कर लंगड़ा अंधा बना कर सड़क पर बिना पेंशन भीख मांगने के लिए छोड़ दिया शर्म नाम की चीज नहीं है तुम सबको	hate
तबरेज़ अंसारी का जनाज़ा	fake
पैसा तो सारे अंबानी के झोली में डाल दीया पैसा तो अपने मित्रों को देखकर विदेश में शिफ्ट कर दिया एक हॉस्पिटल बनाने की क्षमता नहीं चुनावी जुमला चुनावी उद्घाटन करते हो बिहार के लोग उड़ती चिड़िया के पंख में सिख लगा देते हैं बेवकूफ नहीं बनेंगे	defamation,hate
यह साले बॉलीवुड को अपने बाप की जागीर समझने लगे हैं	offensive
अब बेरोज़गार नौकरी की तलाश में निकलेंगे इतनी सारी नौकरिया निकाली है मोदीजी ने	defamation,offensive
ये तस्वीरें हैं उस भूमिपूजन की जो नवम्बर को हो चुका है। याने कार्तिक मास के शुक्ल पक्ष की एकादशी को, जिसे हम देवउठनी एकादशी कहते हैं। कोंग्रेस की सरकार ने भी उस समय तिथि का खयाल रखा था। तब के पण्डे आज की तरह ढोंगी नहीं थे। उन्हें सब बातों का खयाल था। माफ कीजिये सरकार, आप सिर्फ हिन्दुत्व का ढोंग करते हैं, सनातन वैदिक धर्म व उसकी परम्परा का चुटकी भर ज्ञान नहीं आपको 	defamation,fake,hate
यह जून की रात चीनी सीमा पर शहीद हुए भारतीय सेना के जवानों की लाशें हैं।	fake
   किसकोकिसको लगता है कि राहुल गाँधी का नारा चौकीदार चोर है बिल्कुल सही था  	hate
उत्तराखंड विधानसभा मे प्रश्न काल नही CM जी Gambler फिल्म का गाना सुना था मेरी मर्ज़ी मै चाहे ये करू,मै चाहे वो करू मै चाहे यहा जाऊ,मै चाहे वहा जाऊ गोरे को मै कहू काला जीजा को मै बोलू साला नदी को मै बोलू नाला चाबी बिना खोलू ताला मेरे बारे मे कुछ कहना नही चुपचाप बैठे रहो बोलना नही	offensive
इतना दोगलापन लाते कहां से एक छोटी सी पुस्तक से इतना घबरा गये और “असहिष्णु” हो गए तुम कहो तो अभिव्यक्ति की आजादी हम कहें तो 	defamation
यह विडियो पिपलेश्वर महादेव मंदिर मोछाल  सिरोही  का है हर रोज ये चीता परिवार मन्दिर के सेवक को अपना समझ कर उनके साथ सो जाते हैं।	fake
साल से मुसलमान एक होकर वोट कर रहे थे तो सब ठीक था , साल से हिंदू एक हो कर के वोट क्या करने लगे सब का पजामा फट गया.....	hate
अरे दंगाई चैनलों, भगवान के लिए अब तो ये घृणा और नफ़रत की डिबेट बन्द कर दोFolded hands	hate
कपिल सिब्बल को कोर्ट के बाहर किसी ने थप्पड़ जड़ दिया।	fake
बिहार का कोविड हॉस्पिटल स्मार्ट सिटी बिहार सरकार द्वारा शुरू किये गए हॉस्पिटल कोविड19 के दौरान  स्विमिंग पूल में इलाज 	fake
बढ़िया ख़बर यूपी सरकार ने कांग्रेस की तरफ़ से भेजी गई बसों को चलाने की इजाज़त दी। ्मनाक यह कोई रेल नहीं है ोड़ीटी यह कोई जाम नहीं है ्तरप्रदेश मे ्रियंकागाँधी जी ने बस तैयार कर रखी है मजदूरो को घर पहुँचाने के लिए लेकिन योगी जी परमिशन नही दे रहे 	fake
हमारा परिवार जनसंघ में था, जन्म से हम भाजपा के सदस्य थे। मेरे पिता जनसंघ में थे और आपातकाल के दौरान जेल गए थे।	fake
निखिल दधीच एक हिन्दू शत्रु को कुतिया कह दे तो मोदी से प्रश्न पूछे जाएंगे क्योंकि वे ट्विटर पर उसे फॉलो करते हैं। पर अपनी पार्टी के राज्यसभा सांसद की लोकतंत्र के मंदिर में की गयी गुंडागर्दी के लिये उत्तरदायी नहीं है।ये दोनों राजनीति का पाताल हैं।	defamation
भाइयों बहनों मित्रों करोड़ रोजगार हर साल भाइयों बहनों मित्रों अच्छे दिन आ गए गांवों में काम नहीं, अगस्त में देश में बढ़ी बेरोजगारों की फौज	hate
Real Bahubali of Assam आसाम का असली ाहुबली जिसने अपनी जान खतरे में डालते हुये भी who saved a fawn from drowning एक निरीह पशु शिशु को डूबने से बचाया	fake
BJP का एलान राजस्थान में बचे हुए लड्डू अगस्त को अंधभक्तों में बांटे जाएंगे 	offensive
चर्चित उन्नाव रेप कांड के दोषी भाजपा विधायक कुलदीप सिंह सेंगर को हाई कोर्ट से मिली जमानत। अब सवाल यह उठता है कि जिस जज ने जमानत दिया है, अगर पीड़िता उसी जज की बेटी होती, तो भी वह जज जमानत दे देता क्या इस हैवान ने पीड़िता के पूरे खानदान को मार डाला, फिर भी उस जज को तरस नहीं आया ।	hate,offensive
भारत से अच्छी स्थिति तो पाकिस्तान की है कोरोना से निपट लिया भारत में तो एक करोड़ दो एमबीबीएस की डिग्री लो गूगल से सर्च करके मेडिसिन लिखो ऐसे डॉक्टर पैदा किए हैं जिसकी जन्म ही करप्शन के जरिए हुई है मूर्खों की देश साबित हो गई सरकारी सिस्टम में भ्रष्टाचार के जरिए घुसकर तबाह कर दी	offensive
कंगना के ऑफिस पर BMC का छापा, और पालघर के दोषियों को जमानत  वाह महाराष्ट्र सरकार वाह	defamation
अगर कोई लड़का आपके नज़र में कुत्ता कमीना चूतिया बददिमाग आवारा बेशर्म अनपढ़ जाहिल गवार है तो..., उसे प्यार से देखो यार दरअसल वो लड़का भूतकाल का बहुत मासूम लड़का होता है, जिसका कोई हसीना चुटिया काट काट कर उसकी मासूमियत छीन लेती है, जिस कारण वो वर्तमान काल मे अभद्र बन जाता है	offensive
सोलापुर सिटी से कि मी दूर अक्कल्कोट के आस पास खेत में एक अजीब जानवर देखने को मिला।	fake
नसीरुद्दीन शाह की भी बिगड़ी तबियत , अस्पताल में भर्ती। हे ईश्वर अब कोई ऐसी खबर मत देना क्योंकि सहने की भी छमता होती है ईश्वर आपको लंबी उम्र दे	fake
आज संसद में रक्षामंत्री निर्मला सीतारमन ने कहा प्रधानमंत्री चोर है	fake
एक अमरीकी ने कहा हमारे पास नासा है... उसे एक चमचे ने राहुल गांधी का फ़ोटो दिखाया और कहा हमारे पास सत्यानासा है.	hate
जब मोदीजी ने UNO के कॉन्फ्रेंस हॉल में प्रवेश किये तो वहां उपस्थित सभी लोगों ने उनका खडे होकर अभिवादन किया। जो छुप रहा था और दुनिया के सामने अपनी भद्द पिटवा रहा था। उसे दुनिया मे बैठने लायक मोदी ने छोङा नहीं और मोदी जी के सामने खङा होने की उसकी औकात नहीं । पहचान तो आप गए ही होंग	hate
मुंबई में लगे पाकिस्तान जिंदाबाद के नारे	hate
भैस का बच्चा जो भी कहते हो बोलचाल में यही कहते	offensive
किम जोंगउन के अंतिम संस्कार का एक्सक्लूसिव वीडियो है	fake
रिया बाबू को कोई जेल में टिफिन दे आओ रे बाबू ने दो दिन से थाना न थाया...	defamation
सुप्रीम कोर्ट ने जो पांच एकड़ जमीन दी थी.. सुन्नी वक्फ़ बोर्ड ने लिया फैसला.. उस पर बनेगा बाबरी हास्पिटल जो AIIMS के बराबर मुफ्त सुविधा देगा.जाने माने डाक्टर को इस अस्पताल का प्रसासक बनाया जा सकता है.. इस अस्पताल में एक पूरा फ्लोर बच्चों के लिए आरक्षित होगा.. जिसमें चमकी बुखारViral Megningits सहित कई बिमारियों का ईलाज होगा	fake
बिग ब्रेकिंग नाज़मा बेगम 43 जो शाहीनबागप्रोटेस्ट में बैठी हैं, उनकी तबियत ठीक नहीं थी। डॉक्टरों ने उनमें कोरोनोवायरस पॉजिटिव पाया है। डॉक्टरों ने इलाज से इनकार कर दिया और वह शाहीनबाग वापस आ गई, किस तरह के लोग हैं ये	fake
यह राजस्थान के बीजेपी नेता कालीचरण इसका नाम है अंधभक्तों की बहन को कमर पकड़ने पर अंध भक्तों की बहन बोलती है वायरल हो जाएगी जीडीपी  क्या हुई है  हो जाएगी हालात को देखिए और समझिए आपने क्या गलती की है अब समझ में आ रही है या नहीं	defamation
पीएम धन लक्ष्मी योजना के तहत महिलाओं को केंद्र सरकार द्वारा लाख रुपये तक लोन प्रदान किया जाएगा	fake
अवतारवाद इस्लाम है इसलिए उनके गुर्गे राम कृष्ण मन्दिर पर जोर दे रहे है जबकि हिन्दू शिव शक्ति के रूप में माता पिता को पूजता है।काशीविश्वनाथ पर आज तक rss चुप क्यों है शिव शक्ति का कोई कार्यक्रम rss क्यों नहीं करता प्राचीन तो शिव मन्दिर है न ओर अयोध्या में भी शिवलिंग मिला	defamation,offensive
देश मे कोरोना वायरस जानलेवा बीमारी फैल रही थी लॉकडाउन के कारण देश के लाखो गरीब और मजदूर घर से बेघर हो गये थे लेकिन भाजपा सरकार ने देश की जनता की रक्षा की नही सोची बल्कि इस संकट की घड़ी मे मध्यप्रदेश में जनता द्वारा चुनी हुई सरकार को गिराकर अपनी सरकार बनाई	hate
गिरने वाली महिला कर्नाटक की कलेक्टर हैं।	fake
ऑल इंडिया मुस्लिम पर्सनल लॉ बोर्ड एवं सुन्नी वक्फ बोर्ड ने लिया फैसला। अयोध्या में मिली पांच एकड़ ज़मीन पर बनाया जाएगा बाबरी हॉस्पिटल। कफील खान को बनाया जाएगा इसका ज़िम्मेदार। यह अस्पताल उनका इलाज करेगा जो इस तरह की फर्ज़ी ख़बर फैलाते हैं।	fake
वामपंथी सोच । कूत्ती कमीनी जिहादी सोच।	hate,offensive
ये कौन महान है जिसकी इतनी हिम्मत के हिन्दू देवी देवताओं की तस्वीर पर पांव रखे।	hate,offensive
   उठो देश के युवा ललकार दो, कहो सरकार से हमें रोजगार दो.. े9मिनट े9मिनटयुवाओंकीबात	offensive
मुम्बई से बंगाल के लिए चली श्रमिक स्पेशल है	fake
अरे रांड तुझे क्या पता खेती की abcd का कुत्ती कमीनी तूने अपनी औक़ात दिखा ही दी तुझे देश का किसान कभी माफ नही करेगा	defamation,fake,hate,offensive
 सातवें आसमान पर बैठे अल्लाह ताला को जब गर्मी लगती है तब वो नहाते हैं जिस से पानी सातवे आसमान से नीचे गिरने लगता है। ये काफिर कौम के नामुराद इस पानी को ही बारिश समझ लेते हैं। बेशक खोदा बहुत बड़ा कारसाज है 	fake
तुम आने वाला चुनाव लिखो मैं बेरोजगार लिखूंगा कहीं सूखा कहीं बाढ़ लिखूंगा स्कूल कॉलेज अस्पताल लिखूंगा तुम झूठे वादे लिखो मैं वादों का हर हिसाब लिखूंगा।	defamation,hate
कोलकाता का यह दृश्य, ये बांग्लादेश रिफ्यूजी हैं, उनके पास कोई नागरिकता नहीं है, अगर वे नागरिकता के बिना भी ऐसा करने का साहस करते हैं तो उन्हें नागरिकता देने के बाद क्या होगा, भगवान बचाए।	fake
सम्पूर्ण विश्व में कहीं भी खुदाई हो, सनातन धर्म के देवी देवताओं की ही मूर्तियां निकलती हैं। अभी वियतनाम में भी खुदाई के दौरान वीं शताब्दी के अखंड बलुआ पत्थर का बना शिवलिंग मिला है। हर हर महादेव अयोध्या में बौद्ध स्मारक बनाने की मांग करने वाले यहां पर अपना दावा कब ठोकेंगे	defamation,hate,offensive
अमिताभ बच्चन कोरोना पॉजिटिव होने के बाद नानावती हॉस्पिटल में भर्ती हुए,उन्होंने वहां से लोगों को सकारात्मक रहने का संदेश दिया।स्वास्थ्य कर्मियों और डॉक्टरों को भगवान का रूप बताया।	fake
उत्तरप्रदेश के कानपुर में भाजपा नेता विकास दुबे नामक आतंकवादी ने पुलिसकर्मियों की निर्मम हत्या कर दिया हत्या करने वाले विकास दुबे योगीजी के बेहद क़रीबी बताया जा रहा है क्या उन पुलिसकर्मियों को योगी सरकार की गुंडाराज में इंसाफ मिलेगा 	fake
   आतंकियों को कार मे घुमाने वाला DSP दिन मे भी डायरी पेश ना हो पाने के कारण जमानत पर है और गोदी मीडिया ने जनता को रिया और…	offensive
चीन को खैरात में दी जमीन वापस आती देख आज लेहड़ू जिंदा होते तो फिर से मर जाते।	offensive
इस देश में रेल्वे स्टेशन में भाजपा ने कितने बनाए फिर निजीकरण क्यों ोगीजीनहीचाहियेसंविदा	hate
न्यूजीलैंड में आखिरी कोरोना मरीज के ठीक होने के बाद कोरोना वॉर्ड बंद कर दिया गया।	fake
केजरीवाल ने शाहीन बाग एंटी सीएए प्रदर्शनकारियों को बिरयानी दी बीजेपी और आरएसएस इसके लिए भुगतान करते हैं। और केजरीवाल के साथ बिरयानी को लेकर लड़ाई करते हैं। पानी को लेकर केजरीवाल ने की बात भाजपा गोमूत्र की बात करती है। खुद के लिए जज कांग्रेस का समर्थन करें	defamation
एक आदमी  हे भगवान दंगा करने वाले लोगों को हिंदू कर दे, राहगीर  ये क्या बक रहा है बे तु, आदमी  मैं पत्रकार हूं जनाब काम धंधे में बरकत की दुआ मांग रहा हूँ।	defamation
दूसरे धर्म के लोगो की कत्ल करने की बात करने वाली किताब को, UN प्रतिबंधित कयु नही करता	hate
राजस्थान में भीलवाड़ा के एक छोटे से गांव में बच्चे की बलि देकर निकाली गयी यात्रा ।	fake
दिन से ऊपर हो गए सुशांत सिंह की आत्महत्या को खबर चलाते हुए अंत में सुशांत सिंह ड्रग्स लेने वाला साबित कर दीया मरने के बाद उसे अपराधी बना दी हत्या आत्महत्या की जांच हो रही थी अचानक ड्रग्स की जांच होने लगी	defamation
पुलवामा मे आंतकवादी हमले के CCTV वीडियो… ये वीडियो सामने आया है  पुलवामा हमले का सीसीटीवी फ़ुटेज सामने आया	fake
तूने जो ना कहा, मैं वो सुनता रहा ख़ामख़ा बेवजह, ख्वाब बुनता रहा	defamation,offensive
भारत के प्रधानमंत्री श्री नरेन्द्र मोदी जी कुम्भ मेले मे डूबकी लगाते हुए..	fake
समाज का नुकसान बुरे लोगों से नहीं.... बल्कि.... अच्छे लोंगो के चुप  रहने से होता हैं l	offensive
मोदीजी ने Economy बर्बाद की है तो कुछ सोच समझकर ही कि होगी	defamation,offensive
मई को, श्री राहुल गांधी ने दिल्ली के सुखदेव विहार फ्लाईओवर पर प्रवासी मजदूरों के एक समूह से मुलाकात की। उन्होंने प्रवासी कामगारों के साथ बातचीत की और उनसे उनकी राहत और समस्याओं के बारे में पूछताछ की। ाहुलगांधीमजदूरोंकेसाथ	fake
केंद्र सरकार और सुप्रीमकोर्ट अभिव्यक्ति की आज़ादी की सीमा तय करे.. हम रोज रोज अपने आराध्य पर गंदी शब्दावली बर्दास्त नही करेंगे हम पुरा पाषाण काल मे नही जी रहे, हम भी प्रतिकार स्वरूप उनकी माँ बहन एक कर देंगे. रndtv जैसे फिर चाहे जितना चिल्लाओ हमारे से ीरखानपेNSAलगाओ	hate
गज की दूरी की बात कर रहा है हजारों की संख्या में लोग इकट्ठे लाइन में खड़े हैं खड़े होने के बाद भी काम नहीं हो रही बीमारी के चपेट में लोग नहीं आ रहे हैं गरीब है इनको मरने के लिए छोड़ दो	hate
यह कमीना आज राज्यसभा में सभापति का जो अपमान किया है उसके लिये इसे इसकी सदस्यता से न सिर्फ़ निष्कासित किया जाये बल्कि इसे ज़िंदगी में किसी भी चुनाव लड़ने पर पाबंदी लगा देना चाहिए ।	offensive
सपना तो कोई भी देख सकता है चाहे कोई भी जाति या समुदाय हो देश के भविष्य के साथ अन्याय क्यों िक्षामेंआरक्षणक्यों	hate
लेख में बताया गया है कि कैसे एक चीनी शोधकर्ता द्वारा संयुक्त राज्य अमेरिका को एक खतरनाक बायोवेपन बेचने की एक विस्तृत योजना ग़लत हो गई। बायोवेपन को शुरू में हांगकांग के विरोध प्रदर्शनों को हटाने के इरादे से बनाया गया था। लेख में आगे बताया गया है कि बायो एजेंट ग़लती से वुहान जंगली पशु बाजार के पास लीक हो गया, क्योंकि चीनी अधिकारियों ने कथित रूप से इस सौदे को रोकने की कोशिश की थी।	fake
जो सरकारी कंपनियां मोदी बेचते हैं उसे अडानी अंबानी खरीदते हैं या अडानी अंबानी जो कंपनियां चाहते हैं उसे मोदी बेचते हैं	hate
इस तथ्य से निराश होकर कि पाकिस्तान की सेना ने यह भी महसूस नहीं किया कि भारतीय सेना ने कितनी चालाकी और साहस से पाकिस्तान में प्रवेश किया और आतंकवादियों को मार गिराया, इमरान खान ने फिल्म को कर मुक्त कर दिया है ताकि पाकिस्तानी भारतीय सेना की भविष्य की योजनाओं को समझ सकें और उनके विस्तार का अनुमान लगा सकें। पाकिस्तान के पीएम इमरान खान ने घोषणा की कि फिल्म को कर मुक्त बनाया जाएगा और पाकिस्तान की सेनाओं को पहले दिन ही इसे देखना होगा। पाकिस्तान सेना के जनरल ने भी पाकिस्तान सेना के प्रमुख अधिकारियों से फिल्म से सीखने की दस पेज की विस्तृत रिपोर्ट प्रस्तुत करने को कहा है। उरी को पाकिस्तान में टैक्स फ्री कर दिया गया	fake
शिशुपाल बैठ जा, मौलाना बैठ जा, बैठ और सुन तु कितना भी चिल्लायेगा मंदिर वही बनेगा, घोड़े खोल ले, मंदिर वही बनेगा। ये किस महान पुरुष के शब्द हैं। 	hate
यादरखो थप्पड़ तो महात्मा गांधी को भी मारा गया था परंतु वह एक महिला थी महात्मा गांधी ने उनकी इज्जत के साथ दूसरा गाल दिखाया था परंतु यहां थप्पड़ बाजी राजनीतिक घटियापन के वजह से हो रही है इसलिए मारने वाले का हाथ तोड़ दो ताकि थप्पड़ मारने वालों को सबक मिले किसी के बहकावे में ना आएं	hate,offensive
असम, बिहार और यूपी के कई क्षेत्रों में आई बाढ़ से जनजीवन अस्त व्यस्त है। लाखों लोगों पर संकट के बादल छाए हुए हैं। बाढ़ से प्रभावित लोगों की मदद के लिए हम तत्पर हैं। मैं कांग्रेस कार्यकर्ताओं व नेताओं से अपील करती हूं कि प्रभावित लोगों की मदद करने का हर संभव प्रयास करें।	fake
मेटाडाटा के स्क्रीन शॉट से दावा की वीडियो को घटना के समय से पहले रिकॉर्ड किया गया है	fake
चाइना मे लोग बसें भर भर कर नमाज पढ़ने आ रहे हैं और झुंड के झुंड इस्लाम कुबूल कर रहे हैं। अलहम्दुलिल्लाह बस नाम रहेगा अल्लाह का जो हाज़िर भी है नाज़िर भी है	fake
आमजनता जिनको सभी नहीं कुछ लोग हीरो हीरोइनें समझते थे कमिने चरसी निकले थाली गया भांड मैं बड़े बुजुर्ग ने कहा है एक मछली पुरे तालाब को गंदा कर देती हैं, बॉलीवुड बदनाम हुआ कुछ कमिने और कुछ कमीनी के कारण, कितना भी अच्छा अंकटिग कर लो चरसी लोग, आमजनता के नज़रो से गीर गए हो,दम मारो दम	defamation,offensive
सुशांत केस में अभी तक कोई गिरफ्तारी नहीं हुई कही ऐसा न हो कि यहां जांच चलती रहे और वहाँ मुख्य गुनाहगार प्यादों को गायब कर दे। सबूत तो गायब कर ही दिए है। ंदीपसिंह की तो अभी तक जांच ही नहीं हुई	fake
इस तस्वीर में जो आलीशान सोहफे और विश्वस्तरीय इंटीरियर डिजाइन हैं यह किसी का ड्राइंग रूम नहीं है यह देश के प्रधानमंत्री के लिए खरीदा गया बोइंग वीवीआइपी एयरक्राफ्ट है , इसकी सज धज और शानो शौकत से आप अंदाजा लगा सकते हैं अपने आप को जनता का सेवक और चौकीदार कहने वाला कितना विलासिता पूर्ण जीवन जीने का आदी हो चुका है । और यह विश्वस्तरीय सुविधाओं से लैस एयरक्राफ्ट अगस्त या सितंबर माह में भारत आ जाएगा बस फिर मोदी जी के विदेश दौरे चालू। ऐसी तमाम आधुनिक सुविधा व्यवस्थाओं से लैस ऐसे बोइंग वीवीआइपी एयरक्राफ्ट खरीदे जा रहे हैं जिनकी कीमत लगभग करोड़ रूपया है।	fake
साला इस संजय सिंह को काहे का दर्द हो रहा है किसान तो हमें भाई जब हमें खुशी है तो इन्हें क्यों दुख	fake,offensive
लोकतंत्र का गला कैसे घोटा जाता है, सीखिए BJP विधायक अनिल उपाध्याय से...	defamation
ये साले ऐसे ही ह जो विरोध करे उसे देस धरोहि घोसित कर देते है। और खुद हिन्दू मुस्लिम करते घूमते है जिसकी आज्ञा तो संविधान भी नही देता।	hate
फतवा मदद करना हराम है। स्वीडन नामक मुल्क में ठंड अधिक होती है और हम मुस्लिम बस सभी की मदद करना चाहते है ,तो हमारे कुछ कोमी भाईयो ने ठंड भगाने के लिए थोड़ी सी आग क्या जला दी,तुम काफिर तो हमे बदनाम करने पर तुल गए।अरे काफिरों और कितना नीचे गिरोगे।्वीडनदंगे	hate
हम यहा फुटबॉल कबड्डी खेलने नही आए हें हमारी आवाज ,सरकार तक पहुँचाने ओर चमचो की बजाने आए है हम नारी की इज्जत करते हे पर इसका ये मतलब नही की हम अनुष्का जेसी चुड़ेलो की बी इज्जत करे जो हमारे धर्म संस्कृती संस्कार को नष्ट करने मे लगी है हम राष्ट्रवादी है ओर रहेगें..जय श्री राम	offensive
राहुल गांधी ने अपनी शादी की बात छिपाई, उन्होंने कोलंबिया मूल की एक महिला से शादी की है	fake
   दंगा करे टोपी वाले ... और शांति बनाए रखें हिन्दू   बैंगलोर दंगे  दिल्ली दंगे 	offensive
यह कोलकाता के महेशतला में संतोषपूरी का रहने वाला है।इसे इतना वायरल करें की इसकी गिरफ्तारी हो सके।	fake
यूट्यूब से सुशांत सिंह राजपूत के लीड रोल वाले सीरियल ‘पवित्र रिश्ता’ के सभी एपिसोड डिलीट कर दिए गए हैं। साथ ही ओटीटी प्लेटफॉर्म से भी एमएस धोनी एन अनटोल्ड स्टोरी समेत सुशांत की सभी फिल्मों को इंटरनेट से हटाए जाने का भी दावा किया जा रहा है।	fake
    आज का मीडिया देश के लिए हानिकारक है ..	defamation,hate
निशा सिंह भक्तों को यही मालूम नहीं है कि आईपीएल क्या होता है इन कुत्तों को सिर्फ यही मालूम है हिंदूमुस्लिम बस और लगता है और जितने भगत है ना उनके घर का गेट रात को खुला रहता ह तभी तो आदित्य विनायक जैसी औलादे पैदा होती है ना	hate
आंध्र प्रदेश के तिरुपति बालाजी मंदिर द्वारा अयोध्या में राम मंदिर के निर्माण के लिए करोड़ रुपये दान	fake
COMDEK परीक्षा देने वाले कई छात्र कोविड19 पॉज़िटिव, अभिभावकों और ग्रैंडपेरेंट्स की मौत और स्क्रीनशॉट में आर्टिकल पब्लिश होने की तारीख़ अगस्त है। हेडलाइन में COMEDK की स्पेलिंग को COMDEK लिखा है, जो कि ग़लत है।	fake
ेहदशर्मनाकानपुर पुलिस वालों का हत्यारा िकासदुबे CM ोगीआदित्यनाथ के साथ ... इतनी बड़ी चूक हमसे कैसे हो गई हम तो समझ ही नहीं पाए कि हमें तो अपनों ने मारा गैरों में कहां दम था..... — shaziatasneem  July , कानपुर की घटना का मुख्य आरोपी विकास दुबे योगी आदित्यनाथ जी के साथ अठखेलियां करता हुआ ।बडे शर्म की बात है। — उदय पटेल  भारतीय किसान 	fake
इंदौर में बीजेपी नेता हाजी इनायत हुसैन का निराला स्वागत हुआ और फिर क्या था हुआ जमकर धुलाई भक्तों की नींद हराम उन लोगों का कहना है कि कहीं मेरा भी नंबर न आ जाए 	defamation
कंगना मेरे बंगला है, ऑफिस है, जनसमर्थन है ...… क्या है तुम्हारे पास …हये हिपोपोटेमस मेरे हातो में नौ नौ चूडियाँ हैं। 	defamation
ये हो रहा है मुस्लिम बहुसंख्यक इलाकों में हिन्दू बहू बेटियों के साथ, सोचो अगर कल ये तुम्हारे साथ हो इसको देखकर भी अगर तुम्हारी समझ में नहीं आता तो तुम्हे भगवान भी नहीं बचा सकते।	fake
कंगना को अगर मुख्यमंत्री को तू बोलने पर Y सुरक्षा दी जाती है। फिर तो मुझे Z देनी चाहिए थी। 	defamation
ये लोग पुलिस की वर्दी में बीजेपी और आरएसएस के गुंडे है जो बेचारे इन गरीब दलित किसानों को मार रहे हैं। बुराई इन पुलिस वालों में नहीं है बल्कि बीजेपी सरकार में है। जिस प्रदेश में बीजेपी सरकार चला रही है वहां ऐसा ही देखने को मिलता है।	hate,offensive
ओर बाहर जनता कमिनी कांग्रेस कि धज्जीया उडा रही हे चरणचाटो	defamation,offensive
चाइनीज App block. GDP is  अब तो पक्का GDP 1182395 हो ही जाएगी. वाह मोदी जी वाह.	defamation
संयोग नही प्रयोग था, अब अलग अलग जगह साधुओं की लीनचिंग की जा रही है, मारने वाले मुसलमान हैं, कल आपका नंबर आने वाला है ये सब आपको घर मे घुस कर मरेंगे दिल्ली की तरह बचना है तो इन आतंकवादियों को जेल भिजवाओ, मामला Lane C15, Turner Road, Dehradun का मालूम पड़ता है क्या किसी सनातन धर्मी बुजुर्ग की इस तरह पिटाई करना उचित है और वहां खड़े लोगोंने इस अमानवीय घटना को रोकने की जगह पर सिर्फ एक वृद्ध साधु को पीटते हुए देख रहे थे यह बहुत ही ज्यादा शर्मनाक है	fake
िल्ली के मुख्यमंत्री िंदकेजरीवाल जी का दिल से धन्यवाद जिन्होंने िराड़ी विधानसभा को ंदन बना दिया 	fake
चमचों की चचडी़ फिर जली साले कुतरे नौंच नौंच खाते रहे सतर साल से किसान को अब इनका हुक्का पानी बंद किया तो पिछवाड़े से धु धु कर धुआ निकल रहा इनके। ये बदजात किसी के नहीं िसानसंगप्रधानमंत्रीमोदी √√√√	hate
नागरिकता विधेयक का विरोध करने वाले इस्लामवादियों की मानसिकता। भारत ऐसे नागरिकों को क्यों चाहेगा हिंदू निर्माण करते हैं। इस्लामवादी विनाश करते हैं। मोदी आप काम करें।	fake
   कंगना और शिवसेना की लड़ाई में हलाल तो आम आदमी हो रहा है कोरोना से आम आदमी मर रहा है रोजगार आम आदमी का जा रहा है महंगाई…	hate
   अगले ने नमस्ते ट्रम्प करा कर पूरे देश मे कोरोना फैला लिया फिर भी ट्रम्प की नजरों में पाकिस्तान से भी नीचे रह गया अमेरि…	hate
सैकड़ो बच्चों का हत्यारा काफिल खान की रिहाई वाले फैसले से जो खुश है उन्हें मै बता दूं आदेश तो कोर्ट ने CAA विरोधियों के पोस्टर हटाने के भी दिए थे बाबा ने नया कानून बना कर बोलती बंद कर दी थी खैर कफीलुआ रहेगा जेल में ही बस आगे देखते जाओ.	hate,offensive
ये दिन देखने से पहले मुझे मौत क्यों नही आ गई क्या अब ये छोटे छोटे भाजपाई बच्चे भी राहुल सर को ज़लील करेंगे।	fake
जैसे महिलाओं के ब्लाउज रूपी बटुए में रखे नोट पर पोर्नग्रेसियों के बापू की मुस्कराहट खिलीखिली नजर आती है.  v v बिलकुल उसी तरह इस तस्वीर में कांग्रेस के समर्थन में नग्न होकर फोटो शूट करवा रही तनीषा सिंह के चुम्बन पर आउल बाबा की स्माइल निकल गयी है.  v v v हा हा हा हा... अट्टहास.LOL हंसना जरूरी है.	fake
   इस समय मोदीजी बहुत शांत है, कहीं ये शांति जनसंख्या नियंत्रण कानून के पहले वाली शांति तो नहीं..	defamation,hate
एक हरि के नाम बिना ये नार कुतिया होए गली गली भोकत फिरे टूक ना डाले कोय	offensive
देखिए कैसे मध्यप्रदेश में तालाबंदी के नाम पर भाजपा के गुंडे एक मुस्लिम युवक पर अत्याचार कर रहे हैं।	fake
इससे अच्छी तो गली कुतिया अच्छी लगती है	hate,offensive
अरे गवार कोई डॉक्यूमेंट पेश कर जिसमें भारत चाइना से बात करने के लिए मना की है बार रूस की यात्रा की है राजनाथ सिंह तो फिर रिश्ता जोड़ने के लिए रूस गया बातचीत करनी नहीं थी तो रूस क्यों मूर्खों को मूर्ख बनाना मुझे बनाने की गलती मत करना	offensive
वीडियो में दावा किया गया है कि आरएसएस के व्यक्ति ने बुर्क़ा पहनकर पाकिस्तानी झंडा लहराया	fake
यह साला छक्का जैसा क्यों कर रहा है	hate,offensive
तमिलनाडु में डीएमके के नेता ने एक ऑन ड्यूटी महिला डॉक्टर को लातघूसों से जमकर पीटा, मोदी जी आप चुप क्यों हैं	fake
वैसे एक बात बताइए शाहीन बाग में फिक्स रेट है या मोलभाव भी होता है  लेकिन हिसाब किताब में आप तो अभिजीत बैनर्जी का न्याय योजना को भी पटकनी दे दिए 	offensive
और ये कमीना बोर्नविटा क्विज़ कॉन्टेस्ट समझता है संसद को	defamation
   जो आपदा में अवसर तलाश करने की बात करते हैं...उन्हें ये भी बताना चाहिए कि सरकार के लिए भारत की जनता आपदा है या अवसर	offensive
   मोदी जी के बाद प्रधानमंत्री पद के सच्चे दावेदार योगी जी ही होंगे.. सही कहा ना मित्रों 	hate
आज हमसे पूछा जा रहा है, की आपके बुज़ुर्गों का साबुत क्या है अरे दिल्ली में इतनी बड़ी सात बारा है ना मुसलामानों की... डेक्कन का चार मीनार पी.आर कार्ड है ना मुसलामानों का...	fake,hate
अंबाला शहर के जैन बाजार में एक मुल्ले ने साल की लड़की से रेप करने की कोशिश की जिसमें वहां की महिलाओं ने पकड़ कर उसको नंगा करके घुमाया ऐसे घिनौनी सोच वाले व्यक्ति के खिलाफ सख्त से सख्त कानूनी कार्रवाई होनी चाहिए।	defamation,fake
कुरआन कहता है औरत खुदा की बनाई हुई बेमिसाल नेमत है। और ये बेमिसाल नेमत हमारे बिस्तर पर भी बरसानी चाहिए जनाब 	fake
साल में पहली बार ुपया बाँग्लादेशी ा से कमजोर.. यानी रुपया दो और टका लो ... भक्तो बजाओ ताली	fake
जब तक गोरखपुर में बीजेपी का शासन है तब तक गोरखपुर का कुछ नहीं हो सकता	hate
अरे भाई तुम लोग हराम में पैसे लेते हो क्या साला रात को बजे भी नेटवर्क सही नही चलता है ये प्रॉब्लम आज से नही है लग भग3 साल से ज्यादा से है	fake,offensive
मनरेगा टट्टी सृजन घोटाला धान सड़क पुलिया नाला बांध घोटाला भ्रष्टाचार सुनने में आई है नीतीश कुमार तुम अपने जाति वाले को पुलिस में भर्ती किए हो यह भी एक जांच की मामला बन रही है हत्या बलात्कार मर्डर जमीन हड़पना जमीनों पर अवैध कब्जा तू किसी मुद्दे पर मिनट नहीं टिक सकता	defamation,hate
   सुप्रीम कोर्ट के न्यायी बाबू का एक फैसला उत्तराखंड के लिये सकून देने वाला है सुप्रीम कोर्ट ने सड़क राजमार्ग मार्ग मं…	offensive
जिस सोशल प्लेटफार्म के जरिये बीजेपी सत्ता में आयी और झूठ की बातों को प्रचार किया उसी प्लेटफार्म पर आजकल साहब को dislike मिल रहे है वो भी बल्क में। समय फिरता है मालिक।	hate
जब एक मुस्लिम महिला ने मोदी से कहा हमारी छोड़ो जसोदा बैन को इंसाफ कब मिलेगा, तब मोदी का चेहरा छछून्दर जैसा हो गया 	fake
यह भ्रष्ट केजरीवाल के इतनी हिम्मत बढ़ गई इसका मतलब बीजेपी से समलैंगिक संबंध केजरीवाल की	offensive
   करोड़,,, अल्पसंख्यक कैसे  सारा विश्व में दंगा कर के शांतिदूत कैसे बंद करो ये तमाशा  निर्दयता,विनाश का दूसरा नाम है…	hate
अबे गद्दार ,चुतिया, साले नीदरलैंड में मस्ती करने गया है और वहां बैठकर तुझे किसानों की चिंता हो रही है।कमीना	hate,offensive
मोदी जी के बाद प्रधानमंत्री पद के सच्चे दावेदार योगी जी ही होंगे.. सही कहा ना मित्रों 	defamation
देश के नेता गंदार है संता में नहीं हो तो कुत्ते के तरह दुम हिलाते फिरते हैं,, अगर जंन्ता ने उन देश दोही नेता को संत्ता में लादीया तो ऐ लोग देश बेचने के फिराक में रहते हैं	defamation,fake
तस्वीर में एक लाल रंग की प्लास्टिक की वस्तु दिखाते हुए ये दावा किया जा रहा है कि शादाब ने चोट का नाटक किया था।	fake
कल स्वतंत्रता दिवस के अवसर पर तिरंगे को छोड़कर,नीला झंडा फहराया,पुलिस पहुंच गई और अपना डंडा लहराने लगी	fake
चीन में इस पाकिस्तानी मुस्लिम व्यक्ति की निर्ममता से पिटाई सिर्फ़ इसलिए हो रही है कि इसके पास क़ुरआन की एक प्रति मिली जो चीन में प्रतिबंधित है। चीन में इस पाकिस्तानी मुस्लिम व्यक्ति की निर्ममता से पिटाई	fake
ब्लैक टाॅप की चोटियो को चीन का हिस्सा मानने वाली कांग्रेस अब वहा भारत का कब्ज़ा है,शर्म आ रही है की नही कांग्रेस  	hate
देखना पड़ेगा जी जी किया या नहीं जिओ एयरटेल को लाभ पहुंचाने के लिए खुलेआम लूट की खेल हो रही है मैं प्राइवेट नेटवर्क को पेमेंट करती हूं आत्मा दुखी हो जाती है मैं यह जानते हुए पेमेंट करती हूं पैसा करप्शन की भेंट चढ़ रही है सरकारी नेटवर्क को पेमेंट करती पैसा वापस अपने पास आती	defamation
   तुम ED लगाओ, CBI लगाओ, NCB लगाओ हम JCB जगाएंगे BMC	offensive
शाहीन बाग का रेट फिक्स होता है,,,,वो चाहे ट्वीट करना हो या,,,,,,,,	offensive
बलात्कार पीड़ित महिलाओ को इस देश के गुण्डो द्वारा मार दिया जाता है, उन्हें कोई सिक्योरिटी नहीं दी जाती. दो पुलिस वाले तक नहीं.. और ट्वीटर पर बकवास करने वाली एक अभिनेत्री को तुरंत Y श्रेणी की सुरक्षा प्रदान कर दी जाती है। बाकी आप सब समझदार हैं।	offensive
जीडीपी आज गिरी है कल खड़ी हो जाएगीइसका यह मतलब नही कि देश को देश बेचने वालों के हवाले कर दे मोदी जिंदाबाद था है रहेगा	hate
अगर आप हाथ पर हाथ रखकर अच्छे दिन का इंतजार कर रहे हैं तो अच्छे दिन भी टांग पर टांग रखकर भाजपा सरकार जाने का इंतजार कर रहे है 	hate
बिल्कुल सर। नहीं चलेगी मनमानी बीजेपी की। अपने किए वादो का  भी नहीं कर रही बीजेपी।	hate
आज को आपने जो प्यार दिया उसे देख कर नतमस्तक हूँ । यह जवाब है हिंदुस्तान का	defamation
इस लड़की का गुनाह सिर्फ इतना है की ये हिन्दू है और वो भी शान्तिधूर्तो के देश पाकिस्तान में।	fake
पेरियार जी का चैलेंज आज भी ओपन है की कोई पंडा पंडित सिर्फ़ छत तक खाना पहुँचा के दिखाए स्वर्ग तो दूर की बात है  है कोई पंडा 	defamation
के पार पेट्रोल फिर भी खामोश है दलाल	offensive
All India Council for Technical Education AICTE द्वारा एक सर्वे आयोजित कराया जा रहा है। सर्वे के बाद ही यह तय होगा कि इस साल परीक्षाएं आयोजित होंगी या नहीं।	fake
बस अब जनता को बोलने के लिए कुछ नहीं है। कुतिया ........कुतिया .......कुतिया.....	offensive
स्कूल कॉलेज खोलने पर मोदी सरकार का आदेश जारी गृह मंत्रालय ने सभी राज्यों को स्कूल खोलने की परमिशन दी सभी राज्यों के मुख्य सचिवों को भेजी चिट्ठी 	fake
भारत माता को साल पहले एक लाल हुआ। और आज भारत माता को पीलिया हो गया.. साला सब कुछ बेच भी रहा है और और ऊपर से कर्ज भी ले रहा है.. लेकिन दे कुछ नही रहा सिवाए आश्वासन के.. मित्रो....	defamation,fake,offensive
मैं देश नहीं बिकने दूँगा पर देश के अंदर की सभी चीजों को बेच दूँगा आ रही है बेरोजगारो की सवारी बहुत हुईमनकीबातअबहोगीStudentsकी बात	hate
पश्चिम बंगाल में हूगली के तेलिनीपारा,चंदननगर में ुसलमानों द्वारा ितहिंदुओं के घरों को जलाया जा रहा है पूरा राज्य मुसलमानों के कब्जे में है.. दलितों का ढोंगी मसीहा अपना राजनीतिक स्वार्थ पुरा करने के लिए इन मीमो की लूँगियो में घुस कर बैठा हैं.	hate
मुर्दो की बस्ती में क्रांति बेकार है जिनको गुलामी में जीने की आदत पड़ गयी हो उनको जगाना बेकार है	defamation
देशद्रोही नारे लगाने वाले कन्हैया कुमार तू एक नंबर का गधा है साले कमीनी	offensive
उन्होंने अपनी जमीर,इंसानियत नहीं बेचा पैसे और कामयाबी केलिए। तुम जैसे चोर किसी शेरनी को मुंबई आने से नहीं रोक सकते मुझे सर्म आती हैं उन महिलाओं पर को इन जैसे कुत्तों के समर्थन में प्रदर्शन कर रही है।	hate
राहुल गांधी जैसा कोई नहीं है  चुनाव में पंडित,कोरोना काल में डॉक्टर, गलवान घाटी घटना के समय रक्षा विशेषज्ञ, जब चीन को कड़ा जवाब दिया जा रहा है तो अर्थशास्त्री।	hate
India to china  शुरुआत तुमने किया था अंत हम करेंगे । भारत माता की जय जय जवान जय भारत वन्दे मातरम्  ारतमाताकीजय	hate
पहलवान मनमोहन सिंह को पाकिस्तान डराता था, चीन आज UNO में गिड़गिड़ा रहा है, ये है मोदी खौफ.	hate
छिनरा नेहरू कह गए इंदिरा से ऐसा पोता आएगा,  रैली करेगा कांग्रेस का लेकिन भाजपा को जीताएगा.	hate
कमीनी क्रूर जल्लाद कांईया निष्ठुर सरकार	hate
बिहार में रेप की केस भी नहीं लिखी जाती है यदि किसी ने कंप्लेंट किया तो झूठे मुकदमों में फंसा कर जेल भेज दी जाती है हत्या की केस रजिस्टर नहीं होती है तो बाकी केस कैसे होगी बिहार बहुत बुरी हालत में	hate
गृह मंत्रालय द्वारा ट्रेन और हवाई यात्रा पर प्रतिबंध के साथ जून से देश में फिर से पूर्ण लॉकडाउन लागू किया जा सकता है।	fake
क्या आपने खान गैंग की फ़िल्म Pathan का ट्रेलर dislike व रिपोर्ट किया आलिया भट्ट. सडक  .. बहिष्कार शाहरुख खान. पठान.और टीपू सुल्तान .. बहिष्कार स्वरा भास्कर . फ़लश. .. बहिष्कार आमिर खान. लाल सिंह चड्ढा. बहिष्कार	fake
अगस्त को दोपहर सवा बजे प्रधानमंत्री श्री नरेन्द्र मोदी अयोध्या में भगवान श्रीराम के भव्य मंदिर के लिए भूमि पूजन अनुष्ठान करेंगे, इस गौरवमयी अवसर के लिए सजधज के तैयार है पावन अयोध्या नगरी।। जय श्री राम 	fake
में अगर पिंकी रायबरेली से चुनाव लड़े तो उसके सामने कंगना रनौत को उतार दो, उसकी सारी राजनीति उसकी दादी की नाक में घुसेड़ देगी.	defamation
ये फोटो दो दिन पहले बेंगलुरु में हुए दंगे की है। तलवार हाथ में लिए भीड़ आगे बढ़ती दिख रही है।	fake
दिल्ली दंगो में इसका हाथ है कमीने का	defamation,fake,offensive
डोंगरी बिल्डिंग गिरने का लाइव वीडियो।	fake
नसीरुद्दीन शाह की तबियत ठीक नहीं... सुना आज उनको हास्पिटल मे भर्ती किया गया है। सभी दोस्तों से गुजारिश है कि उनके लिए दुआ करे वो जल्दी ठीक हो जाए। ीन	fake
क्या हो रहा है मेरे भारत में  अब फिल्म अभिनेता नसीरुद्दीन शाह की तबीयत ख़राब , अस्पताल में हुए भर्ती	fake
गूगल इंडिया और एप्पल इंडिया को केंद्र सरकार ने अपने प्लेटफॉर्म से चाइनीज ऐप हटाने का आदेश दिया है।	fake
मैं न कहता था हर चीज का कुछ न कुछ उपयोग जरूर होता है..., 	defamation
ये मत समझना की गज़वाएहिन्द मिशन मे सिर्फ़ शांतिदुत ही लगे हुए है, बहुत से दोगले,सेक्युलर हिन्दू भी इस मिशन के संगेसाथी है.	hate
क्या भारत में बिल्कुल गवार ही नेता और मंत्री बनते हैं	defamation
अहमदाबाद गुजरातमें सड़को पर निकले मजदूर राशन दो या गोली मार दो... ये कैसा गुजरात मॉडल है	fake
आप नेग देते और कोई और होता तो सेक देता वो भी गरम गरम तवे पे। कमीना 	hate
अबे नई चीज हो गई राहुल गांधी से आजादी चाहिए इन लोगों को  इनकी मदद की जाए	fake
कपिल शर्मा शो का मैं पूर्ण बहिष्कार करती हूं क्योंकि उसका प्रोड्यूसर सलमान खान है मेरे साथ जो इस शो का बहिष्कार करेंगे वो yes लिखे. जिसने सुशांत के घर का दीप बुझाया उसके जीवन में अंधकार करदो।	defamation,hate
बीजेपी द्वारा लाई गई चीजें, जो मीडिया आपको कभी नहीं बताएगा। योगी सरकार के कुशासन के ख़िलाफ लखनऊ, उत्तर प्रदेश में सीपीआईएम की रैली।	fake
   पत्थर तो कश्मीर में भी फैंके जाते थे लेकिन, वहां घर, गाड़ियाँ, नहीं जलती थी जानते हैं क्यों  क्योंकि वहां हिन्दू के घर…	offensive
प्रयागराज में होने वाले महाकुम्भ का अध्भुत दृश्य।	fake
लखनऊ में मुख्तार अंसारी का डालीबाग स्तिथ आवासीय टावर गिराया गया, लगभग ढाई सौ से अधिक पुलिसकर्मी और से अधिक जेसीबी मशीनों ने इस काम को दिया अंजाम	offensive
आपके प्रिय मित्र अबु आज़मी कितने गर्व से पाकिस्तान ज़िंदाबाद के नारे के साथ CST मुंबई में घूम रहा है , अब इसको क्या कहा जाए 	defamation
राफेल फाइटर जेट क्रैश	fake
तुम उतने ही बच्चे पैदा करो जितनो को दूध पिला सको, शिवलिंग पर कितना दूध चढ़ाना है ये हम तय करेंगे तुम नहीं.	offensive
संजय सिंग खान गुंडा मवाली,कमीना,नीच और पाखंडी मुल्ला है	defamation,hate,offensive
कब तक हिंदुओं को भारत में इस तरह दबकर रहना पडेगा। अपने कल को सुरक्षित करने के लिए आज लड़ना होगा। We want	hate
आप मुसलमान व इसाई बन सकते है पर आप हिंदू नहीं बन सकते क्योकि हिन्दू बना नही जाता हिन्दू पैदा होना पड़ता है. जय हिन्दुत्व्रीराम	hate
न्यू इंडिया का सच	fake
की JEE मे ही हवा निकल गयी,जो कि ऑनलाइन है।अभी तो NEET बाकी है,वो ऑफलाइन है और JEE से दो गुना बच्चे है।इसमे क्या SOP फॉलो होगा पता नहीं,हमने SOP की हकीकत देखी है।काग़ज और जमीनी हकीकत मे बहोत फर्क़ है। जिद छोड़िये अपनी।	offensive
तुम मुस्लिम के साथ लव जिहाद में फस गए हो, जिससे तुम्हारा बोलने का तरीका मुस्लिमों जैसा हो गया है।	offensive
सुव्वर को सुव्वर बोल रहा हूं मिर्ची तुम्हे क्यों लग रही है जो साला अपने देश अपने धर्म का नहीं हुआ वो तुम्हारा या हमारा कैसे हो सकता है ।	hate,offensive
ये हैं भाजपा के सीधे साधे भोले भाले कार्यकरता जो एक स्वच्छ छवि वाले नेता “अमित शाह” के इशारे पर शान्ति पूर्ण तरीके से बंगाल में रोड़ शो कर रहे हैं 	fake
ेशकीआवाज़शाहीनबाग कर्नाटक BJP के C.M के मंच से ही जब गुरु जी ने CAA का विरोध किया तो CM साहब भड़क उठे ऐसी बे इज्जती आपने कभी नही देखी होगी दलाल मीडिया के चाटूकार पत्रकारो ने एक बार भी नही चलाया	offensive
मित्रों जरा पता करना बीस लाख करोड़ सरकार ने सिर्फ भक्तों में बाट दिया क्या  यह साला बीस लाख करोड़ का रकम तो कोरोना वायरस से भी छोटा निकला लेने वाला दिखा न देने वाला  खैर किसी भाई बहन को कुछ मिला हो तो बताना जरूर	fake,offensive
   बहीन जी फिर भी लोग मजाक नहीं गलत ही सोचते हैं ऐसी लेंगवेज यूज मत किया विशेष कर ऐसे प्लेटफार्म पर , चलो कोई न…	defamation
टन सोना गिरवी रखा एवं इसके इंट्रोडक्शन में लिखा है मोदी सरकार ने पूरे मामले को गोपनीय रखा  साथ ही कैप्शन में लिखा है की अगर यह सूचना सही है तो बहुत चिंताजनक है	fake
इस हरामी की सदस्यता रद्द होनी ही चाहिए ... bsdka टिकट ब्लैक करता था उसकी औकात उतनी ही थी ... कृपया इस कमीने के खिलाफ आवाज उठाये ... आप पार्टी थर्ड क्लास पार्टी	defamation,hate,offensive
सब कहते हैं हिन्दू मुस्लिम सिख ईसाई, आपस में हैं भाईभाई लेकिन जब जुल्म होता है तो सिर्फ मुसलमान पर क्यों होता है और मुसलमान पर होता है तो दूसरे धर्म वाले इसका विरोध क्यों नहीं करते और अगर विरोध करते हैं तो ये रुकने का नाम क्यों नहीं ले रहा	hate
सोसायटी के अंदर और आसपास घूमना भी मना है।	fake
अबे नई चीज हो गई राहुल गांधी से आजादी चाहिए इन लोगों को  इनकी मदद की जाए ामशाहीनबाग	offensive
पुलवामा RDX से भरी जिस कार ने बस पर धमाका किया था  O आज तक उसके कागज नहीं ढूंढ पाया कार किसके नाम पर थी सरकार को NRC में साल पहले के कागज चाहिए।	fake
में मनमोहन सिंह से माफ़ी मांगना चाहूंगा, उनके बारे में मैंने ग़लत कही थी  इतिहास उन्हें हमेशा ऊंचा दर्ज़ा देगा अनुपम खेर	fake
मुम्बई मुम्बई के माटी गांव में कोरोना पेटेंट के मटने के बाद उस व्यक्ति की डेड बॉडी को नहलाते वक्त समझ आया कि मृत इंसान के बॉडी से सभी महत्वपूर्ण अंग किडनी लिवर हार्ट और गायब है	fake
करोड़,,, अल्पसंख्यक कैसे  सारा विश्व में दंगा कर के शांतिदूत कैसे बंद करो ये तमाशा  निर्दयता,विनाश का दूसरा नाम है..	hate
इसपर साले पर लट्ठ बजे तकड़े वाला, जेहादी सुअर।	hate,offensive
नसीरुद्दीन, अमीर खान बोले इंडिया में डर लगता हैं  तो हीरो कंगना बोले मुंबई में डर लगता हैं  तो विलेन जो आज कंगना को कह रहे हैं मुम्बई मत आना उन्होंने कभी नसीरुद्दीन , आमिर खान को बोला अब इंडिया मत आना 	hate
सच्चाई के बहुत नजदीक व्यंग्य बाण व्यंग्य  जिस बीमारी का अभी तक कोई इलाज नहीं आया है। उसी बीमारी का इलाज करवा कर लाखों लोग ठीक भी हो गए। वाह और तो और कुछ लोगों ने इस खौफ Corona Virus के तथाकथित ईलाज के नाम पर करोड़ों अरबों कमा भी लिये। व्यंग्य  भरपूर कमा लेने के बाद N95 मास्क बेकार घोषित हो गया, यकीन करें कमाई के बाद सायद सेनेटाइजर, हैंडवाश और immunity booster दवायें भी बेअसर घोषित हो जाएंगी। फिर वैक्सीन से कमाने का दौर शुरू होगा।आप डर बनाये रखिये और हम बाजार बनाये रखते हैं।  WHO हमेशा, आपके डर के साथ WHO  World Horror Organization	fake
यही है वो ोहतरमा हैं जो ्हैया के नामांकन में चुनाव प्रचार कर रही हैं,ुरमेहर कौर। यही लोग मिलकर ेगूसराय का विकास करेंगे।छी छी शर्म भी नहीं आती है।।	offensive
पाक की छोड़ो अब तो चीन की भी गिली होने लगी है, पुरानी से पुरानी बीमारी का शर्तिया इलाज डॉक्टर नरेंद्र मोदी 	hate
दिल्ली न्यूज़ नामक किसी चैनल को बयान दे रहा है एवं तरहतरह की राजनैतिक बातें कर रहा है  सफ़ेद कपड़े पहना यह व्यक्ति पाकिस्तान और भारत के संबंधों पर एक लम्बी चर्चा करता है 	fake
मुम्बई का बॉलीवुड  बलात्कारियों का अड्डा नशेडिवो का अड्डा देश द्रोहिओ का अड्डा टुकड़े टुकड़े गैंग का अड्डा सेक्स का अड्डा हिन्दू धर्म का विरोध का अड्डा आतंकवादिवो का अड्डा देश विरोधी ताकतों का अड्डा बहिष्कार करो साले हरामजादो को ये कमीने एक दूसरे के खिलाफ कभी कुछ नही बोलेंगे।	defamation,hate
उस समय पुलिस सुधार के लिए संविधान में कोई एक्ट जोड़ी गई वही अंग्रेज वाली पुलिसिया कानून चलती रही नहीं भूमि सुधार एक्ट सही से जोड़ी गई जमीन पर कब्जा दो जाति की रजिस्ट्री हो गई व्यापार एक जाति की कब्जा हो गए नहीं अधिकारों को सही से बटवाड़ा की प्रक्रिया संविधान में स्पष्ट की गई	hate,offensive
भड़बा हैं मादरचो कुत्ता हैं कमीना हैं अनुराग कश्यप कुत्ता हैं	hate
किसी के बाप का थोड़ी है मुंबई. मुंबई है शिवाजी महाराज का और हम हैं उनके वंशज... राज्यसभा का कार्यकाल घर से चलाना पड़ जाएगा, िल्ली बहुत दूर है घुसने से पहले पूछना पड़ेगा करणी सेना से, कोई गलतफहमी में मत रहना, करणी सेना जो कहती है वह करती है..	offensive
   कोई उनको भी गिरफ्तार कर लो जो दलाली के नशे में चूर है ।। bampD ओर उसके तमाम साथी । सही बोल रही हूं कि नही	offensive
गोरखपुर की घटना अपराधी ने पुलिस वाले को नाक में दम कर दी तभी तो पुलिस वाले गुस्से में ठोक दे रहे हैं बेरोजगारी अपराधी बनाते जा रही है इस के चक्कर में पुलिस भी परेशान नागरिक की जिंदगी भी खतरे में यह सब अपराध के पीछे सरकार की लूट भ्रष्टाचार निकम्मापन बेरोजगारी	defamation,hate
कश्मीर के होनहार पायलट हिलाल अहमद राफेल उड़ाकर ला रहे है वह कश्मीर के अनंतनाग जिले से है। अब तो मान लो भक्तों की मुस्लिम सिर्फ पंक्चर नहीं बनाते हैं बल्कि भक्तों के घर सुसराल भी बनाते हैं देखना कही तुम्हारे घर भी.....	hate,offensive
पीएम मोदी ने चीनी सीमा पर एयरपोर्ट बनाए। जबकि पूर्व पीएम मनमोहन सिंह चीन के डर से साल तक अरुणाचल के दौर पर नहीं गए।	fake
अपराधियों में खौफ का नाम मुख्यमंत्री योगीजी ्वप्रिययोगीजी अगर आपको भी मुख्यमंत्री योगी जी पसंद है तो रिट्वीट कीजिए	hate
किसान को लेकर जानबूझकर गंदी खेल खेली है देश की मुद्दों से ध्यान भटकाने के लिए महंगाई बेरोजगारी अर्थव्यवस्था डूबती देश की बिगड़ती कहानी इस सबसे नजर हटाने के लिए किसान को चुना किसान लॉकडाउन में बर्बाद हो चुकी है महीना किसान को लेकर हल्ला चलेगी देश की सारी मुद्दा दब गई	defamation,offensive
किस तरह 10 लड़के मिलकर एक लड़की को मार रहे हैं ₹ का भगवा गमछा गले में डालकर आपको कुछ भी करने की आजादी है । क्या यही है मोदीजी का  भारत में ऐसी घटना हर रोज कहीं न कहीं हो रही है ऐसे लोग इंसान नहीं शैतान हैं	fake
डिजिटल दिखाकर भारत की सारी सम्पत्ति बेच दिया अब स्कूल बंध करके भारत के फिर से गुलाम बनाने का प्लान तैयार है। Corona दिखाकर शिक्षा छीन लिया अब स्कूल बंध होगी। ईवीएम की नाजायज सरकार ने भारत को भिखारी ओर लाचार बनाया है	defamation,fake
भारत की अछूत जाति में से एक झाड़ू रखती है जिसका उपयोग वह सड़कों, यार्ड और घरों में करता है, जून, । अछूत, या जैसा कि गांधी कहते हैं, हरिजन ईश्वर की संतान, देश के सभी अशुद्ध काम करते हैं । गांधी ने बारबार कहा है कि दमनकारी ब्रिटिश शासन का अभिशाप अस्पृश्यता के पाप की उचित सज़ा थी जो उच्च जाति के हिंदुओं ने कई शताब्दियों के लिए अभ्यास किया है। यह फ़ोटोग्राफ़ एसोसिएटेड प्रेस के स्टॉफ़ फ़ोटोग्राफर मैक्स देस्फोर ने ली थी	fake,hate
हम बाजपाई की सिद्धान्त वादी भाजपा के फैन हुआ करते थे एक जमाने मे , पर आज भाजपा बलात्कारी ,खूनी ,तड़ीपार जैसे गुंडे नेताओ से भरी पड़ी है .. माननीय वाजपयी जी की भतीजी ने आखिरकार तोड़ी चुप्पी  जानिए क्या कहा	defamation,hate
पिछले वर्षों ने यह सिद्ध कर दिया कि कांग्रेस कोई राजनैतिक दल नही.... एक छुपा हुआ इस्लामिक संगठन है....	hate
सबसे पहले इनको जहां दिखे शूट कर देना चाहिए  भारतीय सेना द्वारा चीनी सैनिकों को गोली मारने के बाद, भारतीय कम्युनिस्ट पार्टी के नेताओं ने सेना के खिलाफ दिल्ली में रैली की। सीताराम येचुरी, वृंदा करात, प्रकाश करात आदि। इन्ही के लोगों ने पालघर हत्याकांड किया 	fake
अंध भक्तो अगर अब भी नही संभले तो वो दिन दूर नही जब एक किडनी पे जियोगे लिख कर पर्स में रख लो।	offensive
मो. अमजत अलि और थमीम शेख को केरल में हुई गर्भवती हथिनी की हत्या के मामले में किया गया गिरफ्तार	fake
भारत के इतिहास में पहली बार कर्नाटक में शिवकाशी नदी में पानी कम होने पर दिखे लाखों शिवलिंग भगवान की मूर्तियों के दृशय हर हर महादेव 	fake
यह लड़की कोई और नहीं बल्कि रूस के राष्ट्रपति की बेटी हैं।	fake
पुलिसकर्मी शराब पीकर सड़क किनारे पड़ा है।	fake
कुछ साल पहले हम सोचते थे कि जिस रफ्तार से टेक्नोलॉजी बढ़ रही है  आते आते कार उड़ेगी  पर यहां तो तोते उड़ गए 	defamation
नए तरीक़ों से वाइरस फैलाने का काम केवल एक मात्र स्त्रोत कर सकता है। इस नयी तकनीक में करन्सी नोट फेंको और पुलिस आपको कभी नहीं पकड़ पाएगी।	fake
देख लो हिन्दूओं मूल्लो ने गोपालगंज जिला में इंटर के छात्रा को जान मारने के नियत से उसके शरीर पर चाकू से ताबड़तोड़ हमला किया गया। सब देखते रह गए किसी ने आवाज तक नहीं उठाई। कब अपनी मां बहन बेटियों की इज्ज़त मूल्लो के हाथो लूटबाते रहोगे । शर्म करो। मुस्लिम युवकों ने किया हिन्दू लड़की पर चाक़ू से हमला	fake
   इधर रिया कंगना मीडिया वायरस पे चरस बो रही है उसके बाद आईपीएल वाले चरस बोयेंगे कोरोना गया तेल लेने वाक़ई मोदी जी आप तक़…	offensive
कुछ वेबसाइट PM Kusum योजना के नाम पर ऑनलाइन रजिस्ट्रेशन करा रही हैं।	fake
भाजपा फिर से केंद्र में आई तो नार्थ ईस्ट में सस्ता होगा गाय का मांस अर्थात बीफ…बोलो गौ माता की जय भाजपा के केंद्र में वापस आने पर उत्तर पूर्वी राज्यों में सस्ता होगा गौ मांस	fake
   मानवीय आधार पर ही सही आवाज़ बनिए िल्ली में बसे लाखों ग़रीब मजदूरों की, जिन्हें केंद्र की ोदी सरकार और दिल्ली की ेजरीवा…	hate
चमचों के बाप ने पेंगोंग झील पर अपाचे उडा दिया, चमचों ये दृश्य देखकर यदि सीने मे जलन हो तो डाईजीन पी लेना बाकि देशभक्त एक जयहिं बोल देना 	fake
प्रधानमंत्री फ्री सोलर पैनल योजना – फ्री में लगवाएं सोलर पैनल अपने घर या गांव में, आपको किसी प्रकार का शुल्क नहीं भरना, बस जल्दी से फार्म भरें।फॉर्म भरने की अंतिम तिथि जुलाई है। तो जल्दी करें और इस मेसेज को अपने सभी दोस्तों को भी भेजें। ताकि इस योजना का लाभ सभी को मिल सके। अभी आवेदन करें	fake
िंदुओं के ्तित्व और ्श की रक्षा का केवल एक ही मार्ग शेष है , ातनसंस्कृति के अनुरूप धार्मिक शासनतंत्र की स्थापना। हिंदु चाहे तो इसके लिए ्वस्थक्रांति को पैदा करे नहीं तो अपनी संतानों को मरने, कटने और मुस्लिम बनने के लिए छोड जाए। ियाराम	hate
सेना को लेकर राज्यसभा में ज्ञान की मोटरी बांट रहे थे मेरे पति को सेना से जनवरी को निकाली गई आज तक उसको पेंशन नहीं दी गई साल महीने में सेना से निकाल दी गई साल से ऊपर होने जा रही है उसकी पेंशन आजतक नहीं मिली मजबूरन मुझे चंडीगढ़ हाई कोर्ट की सहारा लेनी पड़ी	fake,hate
एक लड़की कह रही है कि उसके सेना अधिकारी पिताजी स्वास्थ्य मंत्रालय के संपर्क में हैं जो कहते हैं कि देश दिनों के भीतर लॉकडाउन में चला जाएगा।	fake
आगरा अस्पताल में भर्ती हुए कोरोना मरीजों की घंटे के भीतर ही मौत।	fake
राजदीप पर ये हमला रिया चक्रवर्ती का इंटरव्यू लेने की वजह से हुआ है।	fake
साले ऐक नम्बर के गुन्डे	offensive
संजय सिंह मादरचोद की औलाद है साला कुत्ता है	hate,offensive
भारत का छुपा हुआ असली गद्दार कौन संघ और बीजेपी क्यों है मौन। आज़म खान ने जारी की फ़ोटो हाफ़िज़ सईद और मोदी पाकिस्तान में मिलते हुए , देखो देश द्रोहियो गद्दार कौन 	fake
राहुल और प्रियंका के पोस्टर जो बिहार और प्रयागराज कुम्भ में उनके कार्यकर्ता लगा रहे है वे हिन्दू देवी देवताओं का अपमान कर रहे है। क्या इन कार्यकताओं में इतनी हिम्मत है कि इशामासीह और कुरान शरीफ और पवित्र मक्का मदीना के पोस्टर में राहुल और प्रियंका की तस्वीर लगाए। है हिम्मत क्या	hate,offensive
गलती इसमें संजय सिंह की नहीं है गलती उसकी है जिसने इस कमीने संजय सिंह को वोट दिया है	hate,offensive
   मुंबई पहुंचने पर कंगना रनौत को क्वारंटीन करने की तैयारी में BMC दिन की कस्टडी ही समझा जाये इसको वैसे पुलिस कस्टडी…	offensive
   महिला फल वाले से  भईया सेब को कैमिकल से तो नहीं पकाया ना। फल वाला  नहीं बहन जी इसे रेडियो के सामने रख कर मन की बा…	defamation
   ऑफिस कंगना का गिरा और बिलबिलाने मीडिया के पालतू एंकर्स लगे अवैध ऑफिस गिराने में इनको फासिज्म दिखने लगा , सालों से दर्जनों…	offensive
जब तक अदानी अंबानी नही खरीद लेते तब तक का खेल खल्लास.. वैसे बोहोत डिसलाइक कर रहे थे अब चुपचाप सुनो मनकीबात और देसी कुत्ते पालो 	defamation
अबे साले पिल्ला किसको कह रहा है अभी तू गधे अबे गधे की औलाद साले सुधर जा साले बिल्ला बिल्ली कहना छोड़ दिए थे साला तुम लोगों की वजह से ही तो जैसे समाज पीछे आ जाए	offensive
अभी तो ये अंगड़ाई है हिन्दुओ तुम्हारी आगे और कुटाई है व्हाट्सएप के माध्यम से	fake
ठेके खुलते ही बीजेपी नेत्री का पहला रुझान आया धन्यवाद मोड़ी जी ठेके खुलवाने के लिए    FB	offensive
नरेंद्र मोदी पार्क में बैठकर बतखों के बीच अखबार पढ़ते दिख रहे हैं। वहीं, दूसरी फोटो में वे कुछ बतखों की तस्वीर ले रहे हैं।	fake
रूह अफ़्ज़ा वक़्फ़ बोर्ड के द्वारा चलाई जा रही कंपनी है जिसका सारा पैसा मज़ारों, मदरसों और मुसलमानों के विकास के लिए लगाया जाता है  सभी हिन्दू भाइयों से निवेदन है रूह आफ्ज़ा का उपयोग करके मज़ारों, मदरसों और मस्जिदों का सहयोग न करें  इसके बाद लाल रंग के बैकग्राउंड के साथ लिखा है रूह अफ़्ज़ा उसी वक़्फ़ बोर्ड की कंपनी है जो अयोध्या में राम मंदिर का विरोध करते हैं  वहीँ निचली और लिखा है निवेदक वीर सावरकर संगठन 	fake
जिस देश का शासक रंडवा हो उस देश की जनता विधवा की तरह रहती है। ये बात चाण्कय ने गांजा पीकर नही पूरे होशहवाश में लिखा था।	defamation
सिर्फ एक शब्द। इन भाइयों का पूरे दिल से समर्थन करें। वीडियो गेम का क्लिप पाकिस्तान पर हुआ एयर स्ट्राइक बताया गया	fake
कुछ भी करने का, लेकिन मुंबई, महाराष्ट्र और मराठी माणूस का इगो हर्ट नही करने का	defamation
बंगालवासी जितने भी नोबेल जीतें लेकिन फिर भी हम उन्हें अभी भी देश से बाहर निकालेंगे ।	fake
देश का Oppositionभड़वे लोगों Kut..कमीनी इतना क्यों जलतेहो BJPampRSS se. देशका विपक्ष रोज बेरोजगारहो गया है इसीलिए दिन भर रोता रहता है दिन रात सोते जागते सिर्फ Modiji का नाम एक कमीनों तुमको सपनेमें भी Modiji आएंगे और सबसे बड़ा देशका गद्दार जो है वह तो दिनरात माला जपता. JHJB 	hate
कौन है असली गौतम गंभीर बूझो तो जाने जीप पर जनता से हार पहने अथवा गंभीर मुद्रा में गाड़ी की पहली सीट पर बैठे	fake
ाँचले ये सोच के परेशान है की सड़क पे चलना ठीक है या साईड में आज भगवान इसके साथ था... जबकि इसको तो साइड में कच्चे रास्ते पर चलना था वैसे... मुझे तो लगता है गलत साईड चलना ठीक है , सामने से आने वाले वाहन दिखते रहेंगे बाकी... तो है ही कि , जाको राखे सांइया मार सके न कोय 	offensive
 िल्म अभिनेता ीरुद्दीन ाह बीमार, नसीरुद्दीन शाह की तबीयत बिगड़ी, नसीरुद्दीन शाह अस्पताल में भर्ती, कई दिनों से बीमार हैं नसीरुद्दीन शाह	fake
अब हर कोई तो सोनू सुद जैसा नायक बन नहीं सकता ऐसी प्रतिभा ऐसी विलक्षण शक्ति ईश्वर कई सौ करोड़ों मनुष्य में किसी एक को देता है आप जैसा होना असम्भव नहीं परन्तु बहुत कठीन है एक देशी कहावत है सब कुतीया गया चली जायेंगी तो पत्तल कौन चाटेगा बस वही यहां की जनता भी है	offensive
सुन लो सालो चूतियों अपनी id अपने पछुवाडे मे डाल लो जो फॉलोवर नही बढ़ने देते हो तो क्या घन्टा हिलाने बैठा हूँ जेहादियों का सपोर्ट करते हो सच लिखने वालों से फटती है तुम लोगो की देख ले आँखे खोल कर फर्क दिख जायेगा कहा दिसम्बर कहा अगस्त जेहादी साले भड़वे ट्विटर की	hate
हट साले पता भी है किसान माने होता क्या है किसानों के दुख के पीछे अपना उल्लू सीधा मत करो हरामियों तुम जैसे पत्रकारों की वजह से ही किसान आज इस हालत में है। साले कांग्रेस के चमचों पिछले साल में किसान की हालत नजर नहीं आयी तुमको।	defamation,offensive
लद्दाख में चीन के कब्जे वाली जमीन को भारत ने वापस ले लिया है। सैनिक इसी सफलता का जश्न मना रहे हैं। सैनिक जश्न मनाते दिख रहे हैं।	fake
ठेके खुलते ही बीजेपी नेत्री का पहला रुझान आया धन्यवाद मोड़ी जी ठेके खुलवाने के लिए 	fake
इस कमीनी उर्मिला की अऊकात दो कौड़ी की भी नही है। कंगना जी के घर की नौकरानी की इज्जत उर्मिला से बहोत ज्यादा है।	hate,offensive
कमीनी सरकार है ये ाष्ट्रीयबेरोजगारदिवस ाष्ट्रीयबेरोजगारीदिवस ेरोजगारदिवस17सितम्बर ुमलादिवस	hate
भाजपा की जीत के लिए बने लड्डू लड्डुओं क़ा पहाड़ देख के समझ लो चमचों मोदी की विजय कितनी भयंकर होने वाली है । जय जय श्री राम 	fake
इस वक़्त की बड़ी खबर – अभिनन्दन के पिता कांग्रेस मे हुए शामिल कांग्रेस पार्टी मे परिवार का स्वागत है 	fake
हमारे इस्लाम में औरतों को बच्चे पैदा करने वाला खेत समझा जाता है हम सब मुस्लिम औरतें मुस्लिम धर्म छोड़कर हिन्दू बन जाए गई और हिन्दू लड़को के साथ शादी करे गी  फिर न तलाक न हलाला का डर  जय श्री राम फ़ातिमा कुरैशी, मुंबई	fake
आज संसद में मार्शल का गला दबा कर हाथ उठाने से पहिले टिकट ब्लैकिया ंजयसिंह शायद उस दिन को भूल गया जब केएनआई कालेज की लड़की छेड़ने पर सुल्तानपुर में अवंतिका होटल के सामने लोगो ने इसे गदहे और कुत्ते की भांति पीटा था.	defamation,fake
बिहार हाजीपुर जेल में सिपाही को कोरोनावायरस। कोरोनावायरस होने के बाद ये हाल होता है।	fake
जितनी ताकत लगानी है लगा ले इस बार प्लस जाएगी मोदी के पूरा फैमिली आकर बैठ जा ईवीएम से हेराफेरी नहीं हुई तो प्लस	defamation
यह असम के डिटेंशन सेंटर का कच्चा चिट्ठा है क्या हिंदू क्या मुसलमान क्या सिख इसाई सब को जेल में ठूंसा जाएगा जो लोग घर में आराम फरमा रहे हैं कल उनके बीवी बच्चे जेलों में सड़ रहे होंगे व मुस्लिम भाई सभी एक हो जाओ	hate,offensive
वर्षीय नस्कर को एक महिला के परिवार द्वारा पीटा गया था जिनके साथ वह पहले एक रिश्ते में था । वह उसके घर के कंपाउंड में शौच करने की कोशिश में पकड़े गए थे । न्यूज़ क्लिपिंग का दावा है, यह बदला लेने के लिए किया गया एक कार्य था जो नस्कर ने अपनी पूर्व प्रेमिका को वापस पाने के लिए किया था । नस्कर ने अपनी पूर्व प्रेमिका के घर के कंपाउंड में शौच किया था ।	fake
तेरे जैसी कुत्ती के भोंकने से बीजेपी का बाल भी बांका नहीं होगा समझी बे कमीनी सुअरिया। जनता तुम जैसों चोरों के एक एक चुतियापा जानती है। इस लिए बकचोदी करना छोड़ दो।	offensive
बड़े भैया सुरक्षा के ख्याल रखिएगा यह बीजेपी वाले कभी भी हमला करा देंगे आपके ऊपर भारत में रातों की हजारों की रानी की सुरक्षा मिलती है लेकिन शरीफ इंसान लोगों को नहीं यहां बदचलन को सुरक्षा मिल जाती है इंसान को नहीं	defamation
ग्रामीण पृष्ठभूमि से हूं एक बात कहूंगा की जब बैलगाड़ी को बैल खींच रहे होते है तब उसके नीचे एक कुतिया भी चलती है और सोचती है बैलगाड़ी में खींच रही हूं लेकिन जब कुतिया को बैल की लात पड़ती है तो उसकी गलतफहमी दूर होती है की गाड़ी में नहीं बैल खींच रहे है ऐसा ही हाल आपका है	offensive
पहले ख़बरिया चैनल पर ख़बरे सुनाई देती थी अब पूरी कचहरी लगाके बहस की जाती है	defamation
जिसको मुम्बई पाकिस्तान लगता है थू है उसपर  मुम्बई भारत की शान है  भारत माता जिंदाबाद ीमुंबई	defamation
कमिनी लोगो को चुतिया मत बनाव पहले देख ले कर्ज मुक्ति का वादा तो तेरे यार पपू ने किया था तो क्या हो गया क्या रंडी।।।.	hate
आज़ादी की भयंकर लड़ाई में, बाएं गाल पर गोली खाते चाचा नेहरू.....गवाह मो.अली जिन्नाह.. दुर्लभ चित्र 	fake
इंडिया टुडे ग्रुप ने में शहीद हुए चाइनीस सैनिक की मेमोरियल को गलवान घाटी से जोड़ी शर्म कर ऐसे पत्रकारिता पर थूक दो जो देश को गुमराह करने वाली हो झूठी खबर	hate
आखिरकार उन्होंने इतने सालों बाद बोला । वह उसे पूर्व प्रेमी बता रही हैं और उसे बॉलीवुड के सबसे बड़े चैरेटी मैन के रूप में जाना जाता है।	fake
भारत बायोटेक अपनी कोविड19 वैक्सीन अगस्त को लॉन्च करने जा रही है। भारत बायोटेक को देश की शीर्ष रिसर्च संस्था ICMR से वैक्सीन लॉन्च करने की अनुमति भी मिल गई है।	fake
 अब इस खेल में मजा आता है कि हम सनातनी मिलकर बजाते हैं गद्दार कांग्रेस, कटुओं और वामपंथियों की बैंड। बजाते रहो	defamation
ये साले गरीब लोग भी बड़े ढीठ है, मतलब की इतने सालों से देश के बड़ेबड़े व्यक्ति लगे है, अमीर लोग इतना दान दे रहे है, बड़ेबड़े नेता दिल्ली से गरीबी उन्मूलन का प्रयास कर रहे है, लेकिन नही..... इनकी गरीबी है की खत्म होने का नाम नही ले रही है।	hate,offensive
सब मोदी जी की चाल है पानी तो गमले में ही डाला था पर मोदी जी ने हाथ हिला दिया	defamation
विपक्षी पार्टी बिल को लेकर राष्ट्रपति से मिलने जा रहे हैं सिग्नेचर ना करने के लिए रामनाथ कोविंद की क्या हैसियत जो बिल पर साइन न करें रामनाथ गोविंद रबर स्टैंप से ज्यादा कुछ नहीं फालतू के टाइम खराब कर रहे हैं विपक्षी पार्टी वाले भारत बंद करो अंबानी अडानी के कुत्ते को सबक सिखाओ	defamation,offensive
BJP विधायक अनिल उपाध्याय की इस हरकत पर क्या कहेगे मोदी जी, इन video को इतना वायरल करो की ये पूरा हिन्दुस्तान देख सके	fake
क्या भीम आर्मी प्रमुख चंद्र शेखर आज़ाद रावण का असली नाम नसीमुद्दीन खान है और यह हिन्दू समुदाय को तोड़ने के लिए चली गयी मुस्लिमों की एक चाल है	defamation,hate,offensive
देश का युवा जाग उठा है मोदी तेरे राज अब नही सह पायंगे बेरोजगारी तेरे राज में ंकलाबजिंदाबाद ंकलाबजिंदाबाद मोदी जी या तो इस्तीफा या रोजगार दो ें भी बेरोजगार हूँ	defamation,offensive
अभी बीबी से के छुट्टे मांगे, उसने मुझे ₹ ही दिये, मैंने पूछा कहां गए   उसने कहा तो खत्म 	defamation
प्रिय भाइयों बहनों, सभी मध्य प्रदेश निवासियों से बड़े दुखी होकर बताया जा रहा है कि लॉकडाउन का अच्छी तरह पालन नहीं होने के कारण अप्रैल से सभी घरों में ताला लगाया जाएगा और रोज़ाना सुबह और शाम अनाज व सब्ज़ी और जरूरतमंदों को दवा मुहैया कराई जाएगी. इसके बावजूद यदि कोई व्यक्ति घर के बाहर देखा गया तो तत्काल गोली मारी दी जाएगी 	fake
सबसे बड़ा धोखा तो तूने दिया है कमीने सभी किसान आलू इकट्ठा करके बैठे थे तेरी सोना बनाने की मशीन अभी तक नही आई हरामखोर आलू सड़ गए किसानों के	defamation,hate
नाई का नगला मोहल्ला जनपद हाथरस में जहां मिश्रित आबादी रहती है वहां मुसलमानों द्वारा हिन्दुओ के पवित्र स्थल मंदिर के आसपास माँस के लोथड़े फेंके गए है हिन्दुओ के मंदिरों के साथ ये व्यवहार आखिर कब तक  ।	fake
खुद की पार्टी का विनाश करने के मामले में, मणिशंकर, दिग्विजय सिंह को पछाड़ते हुये संजय राउत मीलों आगे चल रहे हैं 	hate
होली के इस शुभ अवसर पर, हमने एक नया कुत्ता ख़रीदा है।	fake
मुसलमान मुख्यमंत्री नहीं बनेगा चारधाम श्राइन बोर्ड का अध्यक्ष, उत्तराखंड कैबिनेट ने पास किया प्रस्ताव। उत्तराखंड कैबिनेट ने बुधवार 27 नवंबर को राज्य में चार धाम से संबंधित एक प्रस्ताव पास किया। प्रस्ताव में चार धाम के अलावा अन्य मंदिरों के प्रबंधन का भी उल्लेख है। 	defamation,offensive
साथियो अब बेरोजगार युवाओं का समर्थन शुरु करो Rt करे समर्थन के लिए। े9मिनट	hate
सितंबर से पूरे देश में खुल जाएगा स्कूल और कॉलेज।	fake
साल में पहली बार रुपया बांग्लादेशी ‘टके’ से कमजोर यानी रुपया दो और टका लो जोर से बोलो भारत माता की जय	fake
पाकिस्तान में कोरोना से ठीक होकर लौटे एक व्यक्ति की गोली लगने से मौत हो गई	fake
सुना  सोनिया गांधी राहुल गांधी विदेश इलाज कराने गए हैं,, पर हमारे यहां के कुछ चाटुकार कह रहे थे कि एम्स नेहरू गांधी ने बनवाया था ,नेहरू तो पहले दिन से ही एम्स को विरोध कर रहा था	hate
अमेरिका की जनता ने में बिना किसी विशेष जनसंपर्क अभियान, एनआरआई भीड़ प्रबंधन या हाईप्डअप मीडिया प्रचार के स्वागत किया था ।	fake
लतखोर,,, हमने काका से ये सीखा है, अगर गंदगी है तो पहन के चलो जूते खराब हो जाए फेक दो, पैर खराब मत करो इसलिए फितनाबाजों को ब्लाक करना सबसे अच्छा है, न बांस रहेगा न बाँसुरी बजेगी, अब अपना मुँह पीटो,, अगर सारे कुत्ते हरिद्वार चले गए तो गांव की पत्तल कौन चाटेगा	offensive
उद्धव ठाकरे शिवसेना को उसी ऊंचाई पर ले जाना चाहता हैं जहाँ राहुल गांधी कांग्रेस को पहुंचा चुका हैं	hate
अम्मी जान कहती थी कोई भी धंधा बुरा नहीं होता और वो शाहीन बाग़ में धंधे पर बैठ गई  फिक्स रेट दिन के रुपये और रात के	offensive
हिमाचल की बेटी रीना ठाकुर कंगना रावत दोनों हिमाचल की बेटी हिमाचल के नाम बहुत आगे तक ले जाएगी जैसे ड्रक्स लेने के कारण आत्महत्या कर ली बिहार के बेटा सुशांत ड्रग्स गांजा पीने वाले बिहार की बेटा बन गई इसी तरह रीना ठाकुर कंगना रावत हिमाचल की बेटी बन गई भक्त ठोको ताली	defamation
अभी शाम को मुझे एक कांग्रेसी चमचा मिला और बोला अंध भक्त कैसे हो मैंने कहा रांड भक्त से अंध भक्त अच्छे होते हैं बेचारा मुँह फुलाए चला गया कितना भी रोक रुकहि नहीं	hate
अबेस्ट्रॉन इंफोटेक के द्वारा भारतीय रेलवे में आउटसोर्सिंग के जरिए भर्ती की जा रही है। यह भर्ती साल के अनुबंध  कॉन्ट्रेक्ट पर होगी। विज्ञापन पर ऑनलाइन आवेदन की लिंक भी दी हुई है।	fake
अजीत डोभाल ने चीनी सेना के भारतीय सीमा में प्रवेश की बात स्वीकारी है।	fake
ताहिर हुसैन के आतंक की फैक्ट्री घर से जिस लड़की के कपड़े बरामद हुवे थे और उसकी नाले में लाश मिली थी, उसकी पहचान हो चुकी है। साल की ज्योति पाटीदार है। हिंदुओ के घरों पर हमले के बाद, इस लड़की को शांतिदूतो द्वारा ताहिर के घर के अंदर घसीट कर लाया गया, 50 शांतिदुतों ने रेप किया और ारकरलाशनालेमेंफेंकदी।	fake
मोतिहारी कोर्ट की अवमानना कर गांधी ने जेल जाना उचित समझा था...क्या एक रुपए का दंड भुगतान ना कर, प्रशांत भूषण तीन महीने के लिए जेल जाने का नैतिक साहस रखते हैं  या फिर हवा हवाई गांधी साबित होंगे  मुद्दा अब यह है...	fake
हचानो इन देशद्रोही झामपंथी गद्दारों को एक वृंदा करात है और दूसरा सीताराम येचुरी इन दोले झामपंथियों ने में भी इसी तरह चीन का साथ दिया था। और आज भी ये निर्लज्ज भारतीय सेना को नीचा दिखा रहे हैं	fake
   जो उखाड़ना था वो तो उखाड़ लिया, अब ये बताओ और क्या क्या उखाड़ना है, 	offensive
कंगना तू बिमार हें, तुझे इलाज की जरूरत हें.	offensive
रेट फिक्स शाहीन बाग रुपये हुरो के पास रवानगी का टिकट मात्र  रुपये फुल इंजाय,, लेकिन यात्री अपने सामान की खुद सुरक्षा करेे,,, 	offensive
   तेरे बेटे ने अंगूठा चूसना कैसे छोड़ा  कुछ नही ढीली चड्डी पहना दी, अब पूरा दिन चड्डी संभालता है तो अंगूठा चूसना याद नही…	defamation
चंद फेंके हुए टुकड़ों के लिए हमेशा ही देश से गद्दारी को भौंकने तैयार ड्रग्स के नशे में पूरी तरह खोखले हो चुके दाऊद के गुलाम देशद्रोही गद्दार फिल्मी भांडों के भोंकने को भी मीडिया ब्रेकिंग न्यूज़ बना इन दो कौड़ी के बिकाऊ नशेड़ी गद्दार कुत्तों को हीरो बना देती है देश की विडंबना	hate
आँखों ही आँखों में इशारा हो गया बैठे बैठे जीने का सहारा हो गया  नज़रों की इस मारक क्षमता को क्या कहगे। 	defamation
आखिरकार पॉन्डिचेरी विश्वविद्यालय के रामू नाम के भारतीय छात्र ने कोविड के लिए एक घरेलू उपचार खोज लिया। WHO ने इसे स्वीकार भी कर लिया है। उन्होंने साबित किया है कि बड़ा चम्मच काली मिर्च पाउडर में टेबलस्पून शहद और कुछ जोड़कर लगातार दिनों तक अदरक का रस कोरोना के प्रभाव को दबा देगा। संपूर्ण विश्व इस उपाय को स्वीकार करने लगा है। अंत में एक अच्छी खबर में 	fake
