Unique ID,Labels Set
1,"hate,offensive,defamation"
2,non-hostile
3,non-hostile
4,"hate,fake,defamation"
5,non-hostile
6,non-hostile
7,defamation
8,hate
9,"fake,defamation"
10,defamation
11,non-hostile
12,non-hostile
13,non-hostile
14,defamation
15,"offensive,defamation"
16,non-hostile
17,fake
18,non-hostile
19,offensive
20,defamation
21,non-hostile
22,non-hostile
23,non-hostile
24,hate
25,non-hostile
26,"hate,offensive"
27,offensive
28,hate
29,defamation
30,non-hostile
31,non-hostile
32,non-hostile
33,non-hostile
34,non-hostile
35,non-hostile
36,defamation
37,non-hostile
38,non-hostile
39,defamation
40,non-hostile
41,defamation
42,non-hostile
43,non-hostile
44,defamation
45,non-hostile
46,non-hostile
47,non-hostile
48,defamation
49,non-hostile
50,non-hostile
51,hate
52,non-hostile
53,defamation
54,"hate,fake"
55,"hate,offensive"
56,non-hostile
57,non-hostile
58,non-hostile
59,non-hostile
60,non-hostile
61,fake
62,non-hostile
63,non-hostile
64,non-hostile
65,"offensive,defamation"
66,non-hostile
67,non-hostile
68,non-hostile
69,non-hostile
70,non-hostile
71,offensive
72,"fake,defamation"
73,non-hostile
74,defamation
75,non-hostile
76,non-hostile
77,defamation
78,non-hostile
79,non-hostile
80,non-hostile
81,hate
82,defamation
83,non-hostile
84,non-hostile
85,non-hostile
86,non-hostile
87,non-hostile
88,defamation
89,"hate,offensive,defamation"
90,"fake,defamation"
91,non-hostile
92,hate
93,non-hostile
94,"hate,defamation"
95,non-hostile
96,non-hostile
97,"offensive,defamation"
98,non-hostile
99,non-hostile
100,non-hostile
101,non-hostile
102,"hate,defamation"
103,fake
104,non-hostile
105,"fake,defamation"
106,non-hostile
107,non-hostile
108,non-hostile
109,fake
110,non-hostile
111,"offensive,defamation"
112,"fake,defamation"
113,"hate,offensive"
114,"hate,fake"
115,non-hostile
116,non-hostile
117,"hate,defamation"
118,non-hostile
119,non-hostile
120,non-hostile
121,non-hostile
122,non-hostile
123,"hate,offensive"
124,non-hostile
125,non-hostile
126,non-hostile
127,non-hostile
128,defamation
129,non-hostile
130,non-hostile
131,non-hostile
132,non-hostile
133,non-hostile
134,non-hostile
135,non-hostile
136,non-hostile
137,non-hostile
138,non-hostile
139,hate
140,non-hostile
141,non-hostile
142,non-hostile
143,non-hostile
144,"hate,defamation"
145,non-hostile
146,non-hostile
147,non-hostile
148,defamation
149,non-hostile
150,non-hostile
151,non-hostile
152,non-hostile
153,non-hostile
154,non-hostile
155,non-hostile
156,fake
157,non-hostile
158,non-hostile
159,fake
160,hate
161,non-hostile
162,non-hostile
163,offensive
164,non-hostile
165,fake
166,offensive
167,non-hostile
168,"hate,offensive,defamation"
169,non-hostile
170,non-hostile
171,defamation
172,offensive
173,offensive
174,non-hostile
175,fake
176,fake
177,non-hostile
178,non-hostile
179,offensive
180,non-hostile
181,defamation
182,defamation
183,non-hostile
184,non-hostile
185,non-hostile
186,non-hostile
187,"offensive,defamation"
188,fake
189,non-hostile
190,non-hostile
191,non-hostile
192,non-hostile
193,offensive
194,"hate,offensive,defamation"
195,non-hostile
196,offensive
197,non-hostile
198,non-hostile
199,non-hostile
200,non-hostile
201,non-hostile
202,non-hostile
203,fake
204,non-hostile
205,non-hostile
206,non-hostile
207,hate
208,non-hostile
209,non-hostile
210,non-hostile
211,non-hostile
212,non-hostile
213,non-hostile
214,non-hostile
215,defamation
216,offensive
217,non-hostile
218,"hate,defamation"
219,non-hostile
220,defamation
221,"offensive,defamation"
222,non-hostile
223,"fake,offensive,defamation"
224,non-hostile
225,"hate,defamation"
226,non-hostile
227,"hate,fake,offensive,defamation"
228,non-hostile
229,non-hostile
230,defamation
231,"offensive,defamation"
232,"hate,defamation"
233,non-hostile
234,non-hostile
235,non-hostile
236,non-hostile
237,non-hostile
238,non-hostile
239,non-hostile
240,non-hostile
241,"offensive,defamation"
242,non-hostile
243,non-hostile
244,"offensive,defamation"
245,defamation
246,"hate,defamation"
247,defamation
248,non-hostile
249,fake
250,non-hostile
251,non-hostile
252,defamation
253,non-hostile
254,non-hostile
255,non-hostile
256,non-hostile
257,non-hostile
258,hate
259,non-hostile
260,non-hostile
261,non-hostile
262,"fake,defamation"
263,"hate,offensive,defamation"
264,non-hostile
265,non-hostile
266,non-hostile
267,fake
268,"fake,defamation"
269,"hate,defamation"
270,non-hostile
271,non-hostile
272,defamation
273,fake
274,non-hostile
275,non-hostile
276,non-hostile
277,non-hostile
278,offensive
279,non-hostile
280,fake
281,non-hostile
282,non-hostile
283,non-hostile
284,fake
285,defamation
286,non-hostile
287,non-hostile
288,non-hostile
289,"hate,offensive,defamation"
290,defamation
291,"offensive,defamation"
292,non-hostile
293,hate
294,non-hostile
295,defamation
296,non-hostile
297,non-hostile
298,hate
299,non-hostile
300,"offensive,defamation"
301,hate
302,defamation
303,non-hostile
304,non-hostile
305,fake
306,non-hostile
307,fake
308,non-hostile
309,non-hostile
310,"fake,defamation"
311,non-hostile
312,non-hostile
313,non-hostile
314,"hate,offensive"
315,non-hostile
316,non-hostile
317,non-hostile
318,non-hostile
319,defamation
320,non-hostile
321,non-hostile
322,"hate,offensive"
323,non-hostile
324,non-hostile
325,non-hostile
326,fake
327,"hate,offensive,defamation"
328,non-hostile
329,non-hostile
330,offensive
331,defamation
332,hate
333,non-hostile
334,non-hostile
335,fake
336,non-hostile
337,non-hostile
338,fake
339,non-hostile
340,defamation
341,non-hostile
342,non-hostile
343,offensive
344,non-hostile
345,non-hostile
346,non-hostile
347,non-hostile
348,"hate,defamation"
349,non-hostile
350,"offensive,defamation"
351,non-hostile
352,non-hostile
353,fake
354,"offensive,defamation"
355,hate
356,non-hostile
357,non-hostile
358,defamation
359,"hate,defamation"
360,non-hostile
361,non-hostile
362,non-hostile
363,non-hostile
364,non-hostile
365,non-hostile
366,"hate,fake,defamation"
367,"hate,defamation"
368,non-hostile
369,non-hostile
370,"fake,defamation"
371,"offensive,defamation"
372,non-hostile
373,non-hostile
374,fake
375,non-hostile
376,"hate,defamation"
377,non-hostile
378,non-hostile
379,non-hostile
380,non-hostile
381,defamation
382,offensive
383,"fake,defamation"
384,non-hostile
385,fake
386,"hate,defamation"
387,fake
388,non-hostile
389,non-hostile
390,non-hostile
391,non-hostile
392,non-hostile
393,non-hostile
394,defamation
395,defamation
396,offensive
397,"hate,defamation"
398,non-hostile
399,non-hostile
400,non-hostile
401,fake
402,non-hostile
403,defamation
404,defamation
405,non-hostile
406,non-hostile
407,defamation
408,non-hostile
409,non-hostile
410,defamation
411,non-hostile
412,non-hostile
413,non-hostile
414,non-hostile
415,non-hostile
416,defamation
417,hate
418,non-hostile
419,non-hostile
420,non-hostile
421,non-hostile
422,"hate,offensive"
423,fake
424,non-hostile
425,non-hostile
426,"hate,fake"
427,non-hostile
428,non-hostile
429,non-hostile
430,defamation
431,fake
432,defamation
433,non-hostile
434,"hate,fake,offensive,defamation"
435,"hate,defamation"
436,non-hostile
437,defamation
438,non-hostile
439,"hate,defamation"
440,"fake,offensive"
441,defamation
442,fake
443,non-hostile
444,non-hostile
445,defamation
446,non-hostile
447,non-hostile
448,non-hostile
449,non-hostile
450,non-hostile
451,fake
452,defamation
453,non-hostile
454,non-hostile
455,"offensive,defamation"
456,non-hostile
457,non-hostile
458,non-hostile
459,non-hostile
460,non-hostile
461,non-hostile
462,non-hostile
463,defamation
464,"fake,offensive,defamation"
465,"hate,offensive,defamation"
466,non-hostile
467,non-hostile
468,defamation
469,non-hostile
470,non-hostile
471,non-hostile
472,non-hostile
473,defamation
474,non-hostile
475,non-hostile
476,non-hostile
477,non-hostile
478,non-hostile
479,non-hostile
480,non-hostile
481,non-hostile
482,fake
483,"hate,defamation"
484,non-hostile
485,"offensive,defamation"
486,non-hostile
487,fake
488,non-hostile
489,non-hostile
490,non-hostile
491,non-hostile
492,hate
493,non-hostile
494,"hate,defamation"
495,non-hostile
496,non-hostile
497,non-hostile
498,non-hostile
499,fake
500,non-hostile
501,non-hostile
502,non-hostile
503,non-hostile
504,"hate,offensive,defamation"
505,fake
506,non-hostile
507,non-hostile
508,non-hostile
509,non-hostile
510,non-hostile
511,hate
512,non-hostile
513,offensive
514,non-hostile
515,non-hostile
516,fake
517,defamation
518,non-hostile
519,non-hostile
520,defamation
521,non-hostile
522,non-hostile
523,hate
524,non-hostile
525,fake
526,non-hostile
527,non-hostile
528,non-hostile
529,non-hostile
530,defamation
531,non-hostile
532,non-hostile
533,defamation
534,offensive
535,non-hostile
536,non-hostile
537,"hate,defamation"
538,"hate,defamation"
539,non-hostile
540,fake
541,non-hostile
542,non-hostile
543,"hate,fake,defamation"
544,non-hostile
545,non-hostile
546,non-hostile
547,non-hostile
548,non-hostile
549,defamation
550,non-hostile
551,defamation
552,non-hostile
553,defamation
554,defamation
555,non-hostile
556,non-hostile
557,non-hostile
558,fake
559,fake
560,fake
561,"hate,defamation"
562,non-hostile
563,"fake,defamation"
564,non-hostile
565,non-hostile
566,non-hostile
567,non-hostile
568,non-hostile
569,non-hostile
570,non-hostile
571,defamation
572,non-hostile
573,defamation
574,non-hostile
575,non-hostile
576,defamation
577,non-hostile
578,offensive
579,non-hostile
580,offensive
581,non-hostile
582,non-hostile
583,non-hostile
584,non-hostile
585,fake
586,non-hostile
587,non-hostile
588,non-hostile
589,non-hostile
590,non-hostile
591,non-hostile
592,non-hostile
593,fake
594,non-hostile
595,non-hostile
596,non-hostile
597,non-hostile
598,non-hostile
599,defamation
600,non-hostile
601,non-hostile
602,non-hostile
603,non-hostile
604,defamation
605,non-hostile
606,non-hostile
607,non-hostile
608,non-hostile
609,non-hostile
610,non-hostile
611,fake
612,defamation
613,non-hostile
614,non-hostile
615,"hate,defamation"
616,"offensive,defamation"
617,non-hostile
618,"hate,offensive"
619,non-hostile
620,defamation
621,offensive
622,non-hostile
623,non-hostile
624,non-hostile
625,non-hostile
626,non-hostile
627,non-hostile
628,defamation
629,non-hostile
630,fake
631,non-hostile
632,non-hostile
633,non-hostile
634,defamation
635,non-hostile
636,defamation
637,non-hostile
638,non-hostile
639,fake
640,fake
641,non-hostile
642,non-hostile
643,non-hostile
644,defamation
645,non-hostile
646,non-hostile
647,non-hostile
648,hate
649,offensive
650,non-hostile
651,non-hostile
652,non-hostile
653,non-hostile
654,non-hostile
655,non-hostile
656,offensive
657,"hate,fake,offensive"
658,non-hostile
659,non-hostile
660,non-hostile
661,"hate,offensive,defamation"
662,non-hostile
663,fake
664,non-hostile
665,non-hostile
666,non-hostile
667,non-hostile
668,non-hostile
669,hate
670,non-hostile
671,offensive
672,non-hostile
673,non-hostile
674,non-hostile
675,non-hostile
676,non-hostile
677,non-hostile
678,defamation
679,offensive
680,fake
681,non-hostile
682,non-hostile
683,non-hostile
684,fake
685,non-hostile
686,non-hostile
687,non-hostile
688,non-hostile
689,"fake,defamation"
690,hate
691,non-hostile
692,non-hostile
693,non-hostile
694,non-hostile
695,non-hostile
696,non-hostile
697,non-hostile
698,non-hostile
699,fake
700,non-hostile
701,non-hostile
702,defamation
703,non-hostile
704,non-hostile
705,non-hostile
706,non-hostile
707,offensive
708,"hate,fake,offensive,defamation"
709,defamation
710,non-hostile
711,hate
712,non-hostile
713,non-hostile
714,non-hostile
715,offensive
716,non-hostile
717,non-hostile
718,"offensive,defamation"
719,non-hostile
720,non-hostile
721,non-hostile
722,"hate,defamation"
723,non-hostile
724,non-hostile
725,non-hostile
726,non-hostile
727,non-hostile
728,non-hostile
729,non-hostile
730,non-hostile
731,non-hostile
732,fake
733,defamation
734,non-hostile
735,non-hostile
736,non-hostile
737,non-hostile
738,"offensive,defamation"
739,non-hostile
740,defamation
741,non-hostile
742,non-hostile
743,"offensive,defamation"
744,non-hostile
745,"hate,defamation"
746,fake
747,defamation
748,"fake,offensive"
749,non-hostile
750,non-hostile
751,offensive
752,defamation
753,non-hostile
754,"fake,offensive,defamation"
755,defamation
756,"offensive,defamation"
757,fake
758,defamation
759,non-hostile
760,non-hostile
761,"hate,defamation"
762,non-hostile
763,non-hostile
764,non-hostile
765,defamation
766,non-hostile
767,non-hostile
768,non-hostile
769,non-hostile
770,non-hostile
771,defamation
772,"hate,offensive"
773,non-hostile
774,hate
775,non-hostile
776,non-hostile
777,non-hostile
778,defamation
779,defamation
780,non-hostile
781,"offensive,defamation"
782,defamation
783,non-hostile
784,non-hostile
785,fake
786,non-hostile
787,non-hostile
788,non-hostile
789,offensive
790,non-hostile
791,non-hostile
792,"hate,defamation"
793,non-hostile
794,fake
795,non-hostile
796,offensive
797,non-hostile
798,non-hostile
799,offensive
800,defamation
801,fake
802,non-hostile
803,"hate,defamation"
804,non-hostile
805,non-hostile
806,non-hostile
807,offensive
808,non-hostile
809,non-hostile
810,non-hostile
811,non-hostile
812,"fake,offensive,defamation"
813,hate
814,non-hostile
815,non-hostile
816,non-hostile
817,non-hostile
818,non-hostile
819,non-hostile
820,non-hostile
821,fake
822,"fake,offensive,defamation"
823,non-hostile
824,non-hostile
825,fake
826,defamation
827,fake
828,"fake,defamation"
829,non-hostile
830,non-hostile
831,"hate,fake,defamation"
832,"hate,defamation"
833,fake
834,non-hostile
835,"fake,defamation"
836,non-hostile
837,defamation
838,fake
839,non-hostile
840,non-hostile
841,non-hostile
842,non-hostile
843,non-hostile
844,non-hostile
845,non-hostile
846,non-hostile
847,non-hostile
848,hate
849,non-hostile
850,non-hostile
851,"offensive,defamation"
852,non-hostile
853,offensive
854,non-hostile
855,non-hostile
856,non-hostile
857,non-hostile
858,non-hostile
859,"offensive,defamation"
860,non-hostile
861,non-hostile
862,non-hostile
863,non-hostile
864,non-hostile
865,non-hostile
866,hate
867,non-hostile
868,non-hostile
869,non-hostile
870,defamation
871,non-hostile
872,non-hostile
873,hate
874,non-hostile
875,non-hostile
876,non-hostile
877,non-hostile
878,non-hostile
879,non-hostile
880,non-hostile
881,non-hostile
882,non-hostile
883,non-hostile
884,non-hostile
885,hate
886,non-hostile
887,offensive
888,non-hostile
889,hate
890,non-hostile
891,defamation
892,non-hostile
893,"hate,offensive"
894,defamation
895,non-hostile
896,non-hostile
897,non-hostile
898,non-hostile
899,non-hostile
900,defamation
901,"offensive,defamation"
902,"hate,fake"
903,defamation
904,"hate,offensive,defamation"
905,"offensive,defamation"
906,non-hostile
907,non-hostile
908,defamation
909,non-hostile
910,non-hostile
911,non-hostile
912,offensive
913,"offensive,defamation"
914,non-hostile
915,non-hostile
916,defamation
917,defamation
918,"hate,defamation"
919,"hate,offensive,defamation"
920,defamation
921,"hate,offensive"
922,non-hostile
923,fake
924,"fake,defamation"
925,non-hostile
926,non-hostile
927,non-hostile
928,non-hostile
929,non-hostile
930,non-hostile
931,non-hostile
932,non-hostile
933,non-hostile
934,non-hostile
935,non-hostile
936,fake
937,fake
938,non-hostile
939,non-hostile
940,non-hostile
941,non-hostile
942,non-hostile
943,non-hostile
944,non-hostile
945,non-hostile
946,non-hostile
947,non-hostile
948,non-hostile
949,non-hostile
950,"hate,defamation"
951,non-hostile
952,defamation
953,non-hostile
954,non-hostile
955,non-hostile
956,non-hostile
957,non-hostile
958,defamation
959,non-hostile
960,non-hostile
961,non-hostile
962,non-hostile
963,fake
964,"hate,offensive,defamation"
965,non-hostile
966,"hate,offensive,defamation"
967,non-hostile
968,offensive
969,"hate,defamation"
970,non-hostile
971,non-hostile
972,non-hostile
973,non-hostile
974,non-hostile
975,fake
976,non-hostile
977,non-hostile
978,offensive
979,non-hostile
980,"offensive,defamation"
981,fake
982,non-hostile
983,non-hostile
984,non-hostile
985,non-hostile
986,defamation
987,non-hostile
988,non-hostile
989,non-hostile
990,fake
991,non-hostile
992,non-hostile
993,non-hostile
994,non-hostile
995,non-hostile
996,fake
997,non-hostile
998,non-hostile
999,non-hostile
1000,non-hostile
1001,"fake,offensive"
1002,defamation
1003,defamation
1004,non-hostile
1005,non-hostile
1006,non-hostile
1007,non-hostile
1008,non-hostile
1009,non-hostile
1010,non-hostile
1011,non-hostile
1012,non-hostile
1013,offensive
1014,"offensive,defamation"
1015,non-hostile
1016,non-hostile
1017,non-hostile
1018,non-hostile
1019,non-hostile
1020,"fake,offensive"
1021,"fake,defamation"
1022,non-hostile
1023,non-hostile
1024,non-hostile
1025,"hate,defamation"
1026,hate
1027,defamation
1028,"hate,defamation"
1029,offensive
1030,defamation
1031,non-hostile
1032,non-hostile
1033,non-hostile
1034,non-hostile
1035,"hate,offensive"
1036,fake
1037,non-hostile
1038,non-hostile
1039,non-hostile
1040,defamation
1041,non-hostile
1042,"hate,offensive,defamation"
1043,hate
1044,"offensive,defamation"
1045,defamation
1046,non-hostile
1047,"hate,offensive,defamation"
1048,defamation
1049,"hate,defamation"
1050,non-hostile
1051,"hate,fake,defamation"
1052,non-hostile
1053,non-hostile
1054,offensive
1055,non-hostile
1056,non-hostile
1057,"offensive,defamation"
1058,non-hostile
1059,non-hostile
1060,non-hostile
1061,defamation
1062,defamation
1063,non-hostile
1064,non-hostile
1065,non-hostile
1066,non-hostile
1067,non-hostile
1068,non-hostile
1069,"hate,offensive"
1070,non-hostile
1071,"fake,offensive"
1072,non-hostile
1073,fake
1074,non-hostile
1075,non-hostile
1076,non-hostile
1077,"hate,fake,defamation"
1078,non-hostile
1079,non-hostile
1080,"hate,defamation"
1081,non-hostile
1082,fake
1083,"hate,offensive,defamation"
1084,non-hostile
1085,non-hostile
1086,non-hostile
1087,non-hostile
1088,non-hostile
1089,"hate,defamation"
1090,non-hostile
1091,fake
1092,non-hostile
1093,non-hostile
1094,non-hostile
1095,non-hostile
1096,fake
1097,non-hostile
1098,non-hostile
1099,non-hostile
1100,non-hostile
1101,fake
1102,"hate,offensive"
1103,non-hostile
1104,"offensive,defamation"
1105,non-hostile
1106,"offensive,defamation"
1107,defamation
1108,fake
1109,non-hostile
1110,non-hostile
1111,"fake,defamation"
1112,non-hostile
1113,non-hostile
1114,non-hostile
1115,non-hostile
1116,offensive
1117,defamation
1118,non-hostile
1119,non-hostile
1120,offensive
1121,"fake,offensive"
1122,non-hostile
1123,non-hostile
1124,non-hostile
1125,non-hostile
1126,non-hostile
1127,non-hostile
1128,non-hostile
1129,hate
1130,non-hostile
1131,fake
1132,non-hostile
1133,"hate,offensive,defamation"
1134,defamation
1135,non-hostile
1136,"hate,defamation"
1137,"hate,offensive,defamation"
1138,non-hostile
1139,non-hostile
1140,non-hostile
1141,non-hostile
1142,"offensive,defamation"
1143,"hate,defamation"
1144,non-hostile
1145,fake
1146,non-hostile
1147,non-hostile
1148,hate
1149,non-hostile
1150,non-hostile
1151,non-hostile
1152,non-hostile
1153,offensive
1154,non-hostile
1155,non-hostile
1156,non-hostile
1157,defamation
1158,defamation
1159,fake
1160,non-hostile
1161,fake
1162,non-hostile
1163,hate
1164,"offensive,defamation"
1165,non-hostile
1166,non-hostile
1167,non-hostile
1168,non-hostile
1169,fake
1170,defamation
1171,defamation
1172,non-hostile
1173,non-hostile
1174,defamation
1175,offensive
1176,non-hostile
1177,"hate,defamation"
1178,non-hostile
1179,defamation
1180,non-hostile
1181,non-hostile
1182,fake
1183,"hate,offensive"
1184,fake
1185,non-hostile
1186,non-hostile
1187,non-hostile
1188,non-hostile
1189,defamation
1190,non-hostile
1191,defamation
1192,non-hostile
1193,non-hostile
1194,non-hostile
1195,fake
1196,non-hostile
1197,"offensive,defamation"
1198,"hate,defamation"
1199,non-hostile
1200,"fake,defamation"
1201,non-hostile
1202,non-hostile
1203,non-hostile
1204,defamation
1205,non-hostile
1206,fake
1207,non-hostile
1208,hate
1209,non-hostile
1210,non-hostile
1211,non-hostile
1212,non-hostile
1213,"fake,defamation"
1214,non-hostile
1215,"fake,defamation"
1216,non-hostile
1217,non-hostile
1218,non-hostile
1219,non-hostile
1220,defamation
1221,fake
1222,non-hostile
1223,non-hostile
1224,defamation
1225,non-hostile
1226,non-hostile
1227,non-hostile
1228,non-hostile
1229,non-hostile
1230,non-hostile
1231,fake
1232,hate
1233,non-hostile
1234,offensive
1235,offensive
1236,"hate,defamation"
1237,non-hostile
1238,"hate,offensive,defamation"
1239,non-hostile
1240,non-hostile
1241,non-hostile
1242,non-hostile
1243,non-hostile
1244,defamation
1245,offensive
1246,non-hostile
1247,non-hostile
1248,non-hostile
1249,defamation
1250,offensive
1251,non-hostile
1252,non-hostile
1253,non-hostile
1254,non-hostile
1255,defamation
1256,non-hostile
1257,non-hostile
1258,non-hostile
1259,non-hostile
1260,non-hostile
1261,non-hostile
1262,non-hostile
1263,defamation
1264,non-hostile
1265,non-hostile
1266,non-hostile
1267,fake
1268,offensive
1269,non-hostile
1270,non-hostile
1271,non-hostile
1272,non-hostile
1273,"hate,defamation"
1274,non-hostile
1275,non-hostile
1276,fake
1277,fake
1278,non-hostile
1279,non-hostile
1280,non-hostile
1281,hate
1282,non-hostile
1283,non-hostile
1284,"hate,offensive"
1285,non-hostile
1286,non-hostile
1287,non-hostile
1288,non-hostile
1289,non-hostile
1290,non-hostile
1291,non-hostile
1292,non-hostile
1293,non-hostile
1294,non-hostile
1295,non-hostile
1296,non-hostile
1297,defamation
1298,non-hostile
1299,"fake,defamation"
1300,non-hostile
1301,fake
1302,non-hostile
1303,non-hostile
1304,defamation
1305,non-hostile
1306,non-hostile
1307,non-hostile
1308,"hate,offensive"
1309,non-hostile
1310,non-hostile
1311,non-hostile
1312,"hate,fake"
1313,non-hostile
1314,non-hostile
1315,non-hostile
1316,non-hostile
1317,non-hostile
1318,defamation
1319,non-hostile
1320,non-hostile
1321,non-hostile
1322,"hate,defamation"
1323,non-hostile
1324,non-hostile
1325,non-hostile
1326,non-hostile
1327,non-hostile
1328,non-hostile
1329,"hate,defamation"
1330,non-hostile
1331,defamation
1332,non-hostile
1333,non-hostile
1334,non-hostile
1335,non-hostile
1336,non-hostile
1337,non-hostile
1338,"hate,offensive,defamation"
1339,non-hostile
1340,non-hostile
1341,non-hostile
1342,non-hostile
1343,fake
1344,"hate,defamation"
1345,fake
1346,non-hostile
1347,"hate,defamation"
1348,non-hostile
1349,"hate,offensive"
1350,non-hostile
1351,offensive
1352,"hate,offensive,defamation"
1353,non-hostile
1354,non-hostile
1355,non-hostile
1356,non-hostile
1357,non-hostile
1358,non-hostile
1359,offensive
1360,non-hostile
1361,non-hostile
1362,non-hostile
1363,non-hostile
1364,defamation
1365,non-hostile
1366,defamation
1367,non-hostile
1368,non-hostile
1369,"offensive,defamation"
1370,non-hostile
1371,non-hostile
1372,non-hostile
1373,non-hostile
1374,defamation
1375,non-hostile
1376,non-hostile
1377,non-hostile
1378,non-hostile
1379,non-hostile
1380,non-hostile
1381,non-hostile
1382,non-hostile
1383,defamation
1384,non-hostile
1385,non-hostile
1386,non-hostile
1387,non-hostile
1388,non-hostile
1389,non-hostile
1390,non-hostile
1391,non-hostile
1392,non-hostile
1393,non-hostile
1394,non-hostile
1395,defamation
1396,defamation
1397,defamation
1398,non-hostile
1399,non-hostile
1400,non-hostile
1401,non-hostile
1402,defamation
1403,non-hostile
1404,non-hostile
1405,non-hostile
1406,non-hostile
1407,non-hostile
1408,non-hostile
1409,non-hostile
1410,non-hostile
1411,defamation
1412,non-hostile
1413,non-hostile
1414,non-hostile
1415,"hate,fake,defamation"
1416,fake
1417,hate
1418,fake
1419,defamation
1420,non-hostile
1421,offensive
1422,"hate,defamation"
1423,non-hostile
1424,hate
1425,non-hostile
1426,non-hostile
1427,offensive
1428,non-hostile
1429,non-hostile
1430,non-hostile
1431,non-hostile
1432,fake
1433,non-hostile
1434,"hate,offensive"
1435,fake
1436,defamation
1437,"hate,defamation"
1438,non-hostile
1439,defamation
1440,non-hostile
1441,non-hostile
1442,non-hostile
1443,defamation
1444,fake
1445,non-hostile
1446,"hate,offensive,defamation"
1447,non-hostile
1448,defamation
1449,non-hostile
1450,defamation
1451,non-hostile
1452,defamation
1453,non-hostile
1454,non-hostile
1455,non-hostile
1456,defamation
1457,non-hostile
1458,non-hostile
1459,defamation
1460,fake
1461,non-hostile
1462,"offensive,defamation"
1463,defamation
1464,non-hostile
1465,non-hostile
1466,non-hostile
1467,defamation
1468,non-hostile
1469,non-hostile
1470,"offensive,defamation"
1471,non-hostile
1472,non-hostile
1473,non-hostile
1474,non-hostile
1475,defamation
1476,non-hostile
1477,non-hostile
1478,non-hostile
1479,"hate,fake"
1480,non-hostile
1481,fake
1482,"hate,offensive,defamation"
1483,non-hostile
1484,defamation
1485,non-hostile
1486,defamation
1487,"offensive,defamation"
1488,defamation
1489,defamation
1490,fake
1491,defamation
1492,"hate,defamation"
1493,non-hostile
1494,non-hostile
1495,non-hostile
1496,non-hostile
1497,non-hostile
1498,hate
1499,non-hostile
1500,defamation
1501,non-hostile
1502,non-hostile
1503,non-hostile
1504,non-hostile
1505,non-hostile
1506,non-hostile
1507,"fake,defamation"
1508,non-hostile
1509,non-hostile
1510,non-hostile
1511,defamation
1512,non-hostile
1513,non-hostile
1514,non-hostile
1515,non-hostile
1516,"hate,defamation"
1517,non-hostile
1518,non-hostile
1519,non-hostile
1520,non-hostile
1521,non-hostile
1522,"hate,offensive"
1523,non-hostile
1524,non-hostile
1525,fake
1526,defamation
1527,non-hostile
1528,non-hostile
1529,non-hostile
1530,defamation
1531,non-hostile
1532,non-hostile
1533,"hate,defamation"
1534,defamation
1535,non-hostile
1536,non-hostile
1537,fake
1538,non-hostile
1539,"hate,offensive"
1540,non-hostile
1541,non-hostile
1542,fake
1543,non-hostile
1544,non-hostile
1545,defamation
1546,non-hostile
1547,hate
1548,non-hostile
1549,non-hostile
1550,non-hostile
1551,"hate,defamation"
1552,non-hostile
1553,offensive
1554,non-hostile
1555,non-hostile
1556,non-hostile
1557,non-hostile
1558,offensive
1559,non-hostile
1560,defamation
1561,non-hostile
1562,non-hostile
1563,offensive
1564,non-hostile
1565,defamation
1566,offensive
1567,"offensive,defamation"
1568,non-hostile
1569,"hate,defamation"
1570,fake
1571,non-hostile
1572,non-hostile
1573,non-hostile
1574,defamation
1575,non-hostile
1576,non-hostile
1577,non-hostile
1578,non-hostile
1579,offensive
1580,defamation
1581,non-hostile
1582,defamation
1583,non-hostile
1584,"hate,defamation"
1585,non-hostile
1586,fake
1587,non-hostile
1588,non-hostile
1589,non-hostile
1590,"hate,defamation"
1591,hate
1592,"fake,defamation"
1593,non-hostile
1594,hate
1595,non-hostile
1596,"hate,defamation"
1597,non-hostile
1598,"hate,defamation"
1599,fake
1600,defamation
1601,non-hostile
1602,non-hostile
1603,non-hostile
1604,non-hostile
1605,non-hostile
1606,non-hostile
1607,"hate,offensive,defamation"
1608,non-hostile
1609,non-hostile
1610,"hate,defamation"
1611,defamation
1612,non-hostile
1613,defamation
1614,non-hostile
1615,non-hostile
1616,defamation
1617,non-hostile
1618,non-hostile
1619,non-hostile
1620,non-hostile
1621,hate
1622,non-hostile
1623,non-hostile
1624,non-hostile
1625,non-hostile
1626,non-hostile
1627,non-hostile
1628,defamation
1629,non-hostile
1630,non-hostile
1631,"offensive,defamation"
1632,non-hostile
1633,fake
1634,non-hostile
1635,non-hostile
1636,"hate,defamation"
1637,non-hostile
1638,non-hostile
1639,fake
1640,non-hostile
1641,non-hostile
1642,non-hostile
1643,non-hostile
1644,non-hostile
1645,non-hostile
1646,non-hostile
1647,non-hostile
1648,non-hostile
1649,non-hostile
1650,non-hostile
1651,offensive
1652,non-hostile
1653,non-hostile
